CNPJ_Companhia;Data_Referencia;Versao;ID_Documento;Nome_Empresarial;Valor_Mobiliario;Sigla_Classe_Acao_Preferencial;Classe_Acao_Preferencial;Codigo_Negociacao;Composicao_BDR_Unit;Mercado;Sigla_Entidade_Administradora;Entidade_Administradora;Data_Inicio_Negociacao;Data_Fim_Negociacao;Segmento;Data_Inicio_Listagem;Data_Fim_Listagem
00.000.000/0001-91;2012-01-01;6;21434;BANCO DO BRASIL S.A.;Ações Ordinárias;;;;;Bolsa;BM&FBOVESPA;BM&FBOVESPA S.A. - Bolsa de Valores, Mercadorias e Futuros;2006-05-31;;Nível 1 de Governança Corporativa;1977-07-20;
00.000.208/0001-00;2012-01-01;8;20471;BRB-BANCO DE BRASILIA SA;Ações Ordinárias;;;;;Bolsa;BM&FBOVESPA;BM&FBOVESPA S.A. - Bolsa de Valores, Mercadorias e Futuros;2010-01-01;;Nível 2 de Governança Corporativa;1993-09-24;
00.001.180/0001-26;2012-01-01;3;20984;CENTRAIS ELETRICAS BRASILEIRAS SA;Ações Ordinárias;;;;;Bolsa;BM&FBOVESPA;BM&FBOVESPA S.A. - Bolsa de Valores, Mercadorias e Futuros;2006-09-26;;Bovespa Mais;1983-09-01;
00.070.698/0001-11;2012-01-01;6;21814;COMPANHIA ENERGÉTICA DE BRASÍLIA - CEB;Ações Ordinárias;;;;;Bolsa;BM&FBOVESPA;BM&FBOVESPA S.A. - Bolsa de Valores, Mercadorias e Futuros;1999-05-21;;Nível 2 de Governança Corporativa;1999-05-21;
00.185.475/0001-08;2012-01-01;3;18004;PARCOM PARTICIPACOES SA;Ações Ordinárias;;;;;Balcão Organizado;BM&FBOVESPA;BM&FBOVESPA S.A. - Bolsa de Valores, Mercadorias e Futuros;1998-06-17;;;1998-06-17;
00.192.769/0001-59;2012-01-01;4;20793;NEUMARKT TRADE AND FINANCIAL CENTER S/A;Debêntures;;;;;Balcão Não-Organizado;;;;;;1998-04-07;
00.249.786/0001-85;2012-01-01;3;18006;FORPART SA;Ações Ordinárias;;;;;Balcão Organizado;BM&FBOVESPA;BM&FBOVESPA S.A. - Bolsa de Valores, Mercadorias e Futuros;1999-05-10;;;1999-05-10;
00.336.701/0001-04;2012-01-01;3;22448;TELEC. BRASILEIRAS S.A. - TELEBRÁS;Ações Ordinárias;;;;;Bolsa;BM&FBOVESPA;BM&FBOVESPA S.A. - Bolsa de Valores, Mercadorias e Futuros;1989-03-01;;Nível 2 de Governança Corporativa;1989-03-01;
00.383.281/0001-09;2012-01-01;3;17922;BNDES PARTICIPAÇÕES S.A. - BNDESPAR;Debêntures;;;;;Balcão Organizado;CETIP;CETIP;2006-12-20;;;2006-12-01;
00.383.281/0001-09;2012-01-01;3;17922;BNDES PARTICIPAÇÕES S.A. - BNDESPAR;Debêntures;;;;;Bolsa;BM&FBOVESPA;BM&FBOVESPA S.A. - Bolsa de Valores, Mercadorias e Futuros;2006-12-20;;;2006-12-01;
00.514.998/0001-42;2012-01-01;3;18271;ELETRON SA;Ações Ordinárias;;;;;Balcão Organizado;BM&FBOVESPA;BM&FBOVESPA S.A. - Bolsa de Valores, Mercadorias e Futuros;1999-05-11;;;1999-05-11;
00.622.416/0001-41;2012-01-01;4;22488;Desenvix Energias Renováveis S.A.;Ações Ordinárias;;;;;Balcão Organizado;BM&FBOVESPA;BM&FBOVESPA S.A. - Bolsa de Valores, Mercadorias e Futuros;2011-10-03;;;2011-09-19;
00.644.907/0001-93;2012-01-01;5;17224;INVESTCO S/A;Debêntures;;;;;Balcão Organizado;BM&FBOVESPA;BM&FBOVESPA S.A. - Bolsa de Valores, Mercadorias e Futuros;2001-11-01;;;2001-11-01;
00.776.574/0001-56;2012-01-01;3;20164;B2W - COMPANHIA GLOBAL DO VAREJO;Ações Ordinárias;;;;;Bolsa;BM&FBOVESPA;BM&FBOVESPA S.A. - Bolsa de Valores, Mercadorias e Futuros;2007-08-08;;Nível 1 de Governança Corporativa;2007-08-08;
00.864.214/0001-06;2012-01-01;4;18292;ENERGISA SA;Ações Ordinárias;;;;;Bolsa;BM&FBOVESPA;BM&FBOVESPA S.A. - Bolsa de Valores, Mercadorias e Futuros;1995-12-20;;Nível 2 de Governança Corporativa;1995-12-20;
00.864.214/0001-06;2012-01-01;4;18292;ENERGISA SA;Debêntures;;;;;Balcão Organizado;CETIP;CETIP;2008-04-01;;;2008-04-01;
00.864.214/0001-06;2012-01-01;4;18292;ENERGISA SA;Certificados de Depósito de Valores Mobiliários;;;;;Bolsa;BM&FBOVESPA;BM&FBOVESPA S.A. - Bolsa de Valores, Mercadorias e Futuros;2009-09-06;;;2009-09-06;
00.866.577/0001-80;2012-01-01;5;18599;SAUIPE SA;Ações Ordinárias;;;;;Bolsa;BM&FBOVESPA;BM&FBOVESPA S.A. - Bolsa de Valores, Mercadorias e Futuros;1998-10-08;;Nível 2 de Governança Corporativa;1998-10-08;
00.897.864/0001-58;2012-01-01;2;18493;SANTA CATARINA PART INVEST SA;Debêntures;;;;;Balcão Organizado;BM&FBOVESPA;BM&FBOVESPA S.A. - Bolsa de Valores, Mercadorias e Futuros;1995-12-14;1995-12-14;;1995-12-14;1995-12-14
00.924.429/0001-75;2012-01-01;4;18248;FERROVIA CENTRO ATLANTICA SA;Ações Ordinárias;;;;;Bolsa;BM&FBOVESPA;BM&FBOVESPA S.A. - Bolsa de Valores, Mercadorias e Futuros;1996-02-14;;Nível 2 de Governança Corporativa;1996-02-14;
00.924.432/0001-99;2012-01-01;2;19014;HOPI HARI SA;Ações Ordinárias;;;;;Bolsa;BM&FBOVESPA;BM&FBOVESPA S.A. - Bolsa de Valores, Mercadorias e Futuros;1996-02-13;;Nível 2 de Governança Corporativa;1996-02-13;
00.924.432/0001-99;2012-01-01;2;19014;HOPI HARI SA;Debêntures;;;;;Balcão Organizado;CETIP;CETIP;1997-02-18;;;1997-02-18;
00.938.574/0001-05;2012-01-01;2;17931;CONCESSIONARIA RIO-TERESOPOLIS SA;Debêntures Conversíveis;;;;;Balcão Organizado;CETIP;CETIP;2001-12-26;;;2001-12-26;
00.979.969/0001-56;2012-01-01;2;16964;CAIXA ADM DIV PUB ESTADUAL SA;Debêntures;;;;;Balcão Organizado;CETIP;CETIP;1996-09-16;;;1996-09-16;
01.027.058/0001-91;2012-01-01;2;19071;CIELO S.A.;Ações Ordinárias;;;;;Bolsa;BM&FBOVESPA;BM&FBOVESPA S.A. - Bolsa de Valores, Mercadorias e Futuros;2009-06-29;;Nível 1 de Governança Corporativa;2009-06-29;
01.083.200/0001-18;2012-01-01;3;19796;NEOENERGIA S.A;Ações Ordinárias;;;;;Balcão Organizado;BM&FBOVESPA;BM&FBOVESPA S.A. - Bolsa de Valores, Mercadorias e Futuros;2001-12-17;;;2001-01-23;
01.109.184/0001-95;2012-01-01;1;13611;UNIVERSO ONLINE SA;Ações Ordinárias;;;;;Bolsa;BM&FBOVESPA;BM&FBOVESPA S.A. - Bolsa de Valores, Mercadorias e Futuros;2005-12-14;;Bovespa Mais N2;2005-12-14;
01.319.044/0001-41;2012-01-01;2;16892;WTC AMAZONAS SUITE HOTEL S.A.;Debêntures;;;;;Balcão Não-Organizado;;;;;;1996-09-18;
01.425.787/0001-04;2012-01-01;2;18941;REDECARD S/A;Ações Ordinárias;;;;;Bolsa;BM&FBOVESPA;BM&FBOVESPA S.A. - Bolsa de Valores, Mercadorias e Futuros;2007-07-11;;Nível 1 de Governança Corporativa;2007-07-11;
01.425.787/0001-04;2012-01-01;2;18941;REDECARD S/A;Debêntures;;;;;Balcão Organizado;CETIP;CETIP;2012-04-02;;;2012-04-02;
01.545.826/0001-07;2012-01-01;3;18977;GAFISA SA;Ações Ordinárias;;;;;Bolsa;BM&FBOVESPA;BM&FBOVESPA S.A. - Bolsa de Valores, Mercadorias e Futuros;2008-04-01;;Nível 1 de Governança Corporativa;2006-02-17;
01.545.826/0001-07;2012-01-01;3;18977;GAFISA SA;Debêntures;;;;;Balcão Organizado;CETIP;CETIP;2008-05-05;;;2008-05-05;
01.548.981/0001-79;2012-01-01;4;22894;INVESTIMENTOS BEMGE S.A.;Ações Ordinárias;;;;;Bolsa;BM&FBOVESPA;BM&FBOVESPA S.A. - Bolsa de Valores, Mercadorias e Futuros;1977-07-20;;Nível 2 de Governança Corporativa;1977-07-20;
01.608.571/0001-76;2012-01-01;3;18044;BELAPART SA;Ações Ordinárias;;;;;Balcão Organizado;BM&FBOVESPA;BM&FBOVESPA S.A. - Bolsa de Valores, Mercadorias e Futuros;1999-05-11;;;1999-05-11;
01.654.604/0001-14;2012-01-01;2;18780;CONCES DA ROD OSÓRIO-POA S/A - CONCEPA;Debêntures;;;;;Bolsa;BM&FBOVESPA;BM&FBOVESPA S.A. - Bolsa de Valores, Mercadorias e Futuros;2006-09-01;2007-05-31;;2006-09-01;2007-05-31
01.654.604/0001-14;2012-01-01;2;18780;CONCES DA ROD OSÓRIO-POA S/A - CONCEPA;Debêntures;;;;;Balcão Organizado;CETIP;CETIP;2012-03-21;2012-03-21;;2012-03-21;2012-03-21
01.685.903/0001-16;2012-01-01;3;20777;AMERICEL SA;Ações Ordinárias;;;;;Bolsa;BM&FBOVESPA;BM&FBOVESPA S.A. - Bolsa de Valores, Mercadorias e Futuros;1997-04-14;;Nível 2 de Governança Corporativa;1997-04-14;
01.772.313/0001-20;2012-01-01;3;18046;VALETRON SA;Ações Ordinárias;;;;;Balcão Organizado;BM&FBOVESPA;BM&FBOVESPA S.A. - Bolsa de Valores, Mercadorias e Futuros;1999-05-11;;;1999-05-11;
01.832.635/0001-18;2012-01-01;2;18061;TAM S.A.;Debêntures;;;;;Balcão Organizado;BM&FBOVESPA;BM&FBOVESPA S.A. - Bolsa de Valores, Mercadorias e Futuros;2006-09-12;2012-04-04;;2006-09-12;2012-04-04
01.832.635/0001-18;2012-01-01;2;18061;TAM S.A.;Ações Ordinárias;;;;;Bolsa;BM&FBOVESPA;BM&FBOVESPA S.A. - Bolsa de Valores, Mercadorias e Futuros;2005-08-15;;Bovespa Mais N2;2005-08-15;
01.851.771/0001-55;2012-01-01;4;18381;524 PARTICIPAÇOES SA;Ações Ordinárias;;;;;Balcão Organizado;BM&FBOVESPA;BM&FBOVESPA S.A. - Bolsa de Valores, Mercadorias e Futuros;1997-05-30;;;1997-05-30;
01.858.774/0001-10;2012-01-01;4;19387;BV LEASING - ARRENDAMENTO MERCANTIL S/A;Debêntures;;;;;Balcão Organizado;BM&FBOVESPA;BM&FBOVESPA S.A. - Bolsa de Valores, Mercadorias e Futuros;2006-06-27;2026-04-20;;2006-06-27;
01.858.774/0001-10;2012-01-01;4;19387;BV LEASING - ARRENDAMENTO MERCANTIL S/A;Debêntures;;;;;Balcão Organizado;BM&FBOVESPA;BM&FBOVESPA S.A. - Bolsa de Valores, Mercadorias e Futuros;2006-06-27;2026-04-20;;2006-06-27;
01.896.779/0001-38;2012-01-01;2;17411;CSU CARDSYSTEM S/A;Ações Ordinárias;;;;;Bolsa;BM&FBOVESPA;BM&FBOVESPA S.A. - Bolsa de Valores, Mercadorias e Futuros;2006-05-02;;Nível 1 de Governança Corporativa;2006-05-02;
01.917.705/0001-30;2012-01-01;5;19620;AES ELPA SA;Ações Ordinárias;;;;;Bolsa;BM&FBOVESPA;BM&FBOVESPA S.A. - Bolsa de Valores, Mercadorias e Futuros;2002-11-06;;Nível 2 de Governança Corporativa;2002-11-06;
01.957.772/0001-89;2012-01-01;4;19569;SUL 116 PARTICIPAÇÕES S.A.;Ações Ordinárias;;;;;Balcão Organizado;BM&FBOVESPA;BM&FBOVESPA S.A. - Bolsa de Valores, Mercadorias e Futuros;1998-02-20;;;1997-09-03;
01.971.614/0001-83;2012-01-01;3;18108;EMP.NAC.C., RÉDITO E PART. S.A. ENCORPAR;Ações Ordinárias;;;;;Bolsa;BM&FBOVESPA;BM&FBOVESPA S.A. - Bolsa de Valores, Mercadorias e Futuros;1997-10-07;;Nível 2 de Governança Corporativa;1997-10-07;
01.989.044/0001-59;2012-01-01;2;16894;WTC RIO EMPREEND. E PARTICIPAÇÕES S.A.;Debêntures;;;;;Balcão Não-Organizado;;;;;;1997-10-31;
02.016.439/0001-38;2012-01-01;3;17218;RIO GRANDE ENERGIA SA;Debêntures;;;;;Balcão Organizado;CETIP;CETIP;2002-04-23;;;2002-04-23;
02.062.747/0001-08;2012-01-01;3;18221;SUDESTE SA;Ações Ordinárias;;;;;Balcão Organizado;BM&FBOVESPA;BM&FBOVESPA S.A. - Bolsa de Valores, Mercadorias e Futuros;1997-11-26;;;1997-11-26;
02.084.220/0001-76;2012-01-01;3;16795;NUMERAL 80 PARTICIPAÇÕES S.A.;Ações Ordinárias;;;;;Bolsa;BM&FBOVESPA;BM&FBOVESPA S.A. - Bolsa de Valores, Mercadorias e Futuros;2006-09-25;;Bovespa Mais N2;2006-09-25;
02.105.040/0001-23;2012-01-01;4;18440;CIBRASEC CIA BRASILEIRA DE SECURITIZAÇÃO;Certificados de Recebíveis Imobiliários;;;;;Balcão Não-Organizado;;;;;;1999-05-31;
02.107.946/0001-87;2012-01-01;2;18368;TELEMAR PARTICIPAÇÕES SA;Debêntures;;;;;Balcão Organizado;CETIP;CETIP;2000-07-13;;;2000-07-11;
02.107.946/0001-87;2012-01-01;2;18368;TELEMAR PARTICIPAÇÕES SA;Nota Comercial;;;;;Balcão Organizado;CETIP;CETIP;2007-07-18;;;2007-07-17;
02.117.801/0001-67;2012-01-01;3;18387;BONAIRE PARTICIPAÇOES SA;Ações Ordinárias;;;;;Balcão Organizado;BM&FBOVESPA;BM&FBOVESPA S.A. - Bolsa de Valores, Mercadorias e Futuros;1997-11-03;;;1997-11-03;
02.149.205/0001-69;2012-01-01;3;18749;PORTO SEGURO SA;Ações Ordinárias;;;;;Bolsa;BM&FBOVESPA;BM&FBOVESPA S.A. - Bolsa de Valores, Mercadorias e Futuros;2004-10-27;;Nível 1 de Governança Corporativa;2004-10-27;
02.217.319/0001-07;2012-01-01;3;18382;ALEF SA;Ações Ordinárias;;;;;Balcão Organizado;BM&FBOVESPA;BM&FBOVESPA S.A. - Bolsa de Valores, Mercadorias e Futuros;1998-01-16;;;1998-01-16;
02.217.319/0001-07;2012-01-01;3;18382;ALEF SA;Ações Ordinárias;;;;;Balcão Organizado;BM&FBOVESPA;BM&FBOVESPA S.A. - Bolsa de Valores, Mercadorias e Futuros;1998-01-16;;;1998-01-16;
02.217.325/0001-56;2012-01-01;3;18223;LIGA FUTEBOL SA;Ações Ordinárias;;;;;Balcão Não-Organizado;;;;;;1997-12-08;
02.286.509/0001-78;2012-01-01;2;18548;SUBESTAÇÃO ELETROMETRÔ S/A;Debêntures;;;;;Balcão Organizado;CETIP;CETIP;1998-09-25;;;1998-09-25;
02.286.509/0001-78;2012-01-01;2;18548;SUBESTAÇÃO ELETROMETRÔ S/A;Debêntures;;;;;Balcão Organizado;CETIP;CETIP;1998-09-25;;;1998-09-25;
02.302.100/0001-06;2012-01-01;4;17229;BANDEIRANTE ENERGIA S/A;Debêntures;;;;;Balcão Organizado;CETIP;CETIP;2007-07-01;;;2007-07-01;
02.302.101/0001-42;2012-01-01;3;16688;EMAE-EMP.METROPOLITANA ÁGUAS ENERGIA S.A;Ações Ordinárias;;;;;Bolsa;BM&FBOVESPA;BM&FBOVESPA S.A. - Bolsa de Valores, Mercadorias e Futuros;1998-03-31;;Nível 2 de Governança Corporativa;1998-03-27;
02.312.604/0001-07;2012-01-01;4;19560;DALETH PARTICIPAÇÕES SA;Ações Ordinárias;;;;;Balcão Organizado;BM&FBOVESPA;BM&FBOVESPA S.A. - Bolsa de Valores, Mercadorias e Futuros;1998-06-08;;;1998-03-06;
02.318.346/0001-68;2012-01-01;4;18008;OPPORTUNITY ENERGIA E PARTICIPAÇÕES S.A.;Ações Ordinárias;;;;;Balcão Organizado;BM&FBOVESPA;BM&FBOVESPA S.A. - Bolsa de Valores, Mercadorias e Futuros;1999-10-22;;;1999-10-22;
02.335.514/0001-23;2012-01-01;1;18323;FIAGO PARTICIPACOES SA;Ações Ordinárias;;;;;Balcão Não-Organizado;;;;;;2009-07-03;
02.338.534/0001-58;2012-01-01;4;19565;LONGDIS SA;Ações Ordinárias;;;;;Balcão Organizado;BM&FBOVESPA;BM&FBOVESPA S.A. - Bolsa de Valores, Mercadorias e Futuros;1998-07-15;;;1998-06-30;
02.351.144/0001-18;2012-01-01;3;18585;TEGMA GESTÃO LOGÍSTICA SA;Ações Ordinárias;;;;;Bolsa;BM&FBOVESPA;BM&FBOVESPA S.A. - Bolsa de Valores, Mercadorias e Futuros;2007-07-03;;Nível 1 de Governança Corporativa;2007-06-28;
02.363.917/0001-86;2012-01-01;4;19563;RET PARTICIPAÇÕES S/A;Ações Ordinárias;;;;;Balcão Organizado;BM&FBOVESPA;BM&FBOVESPA S.A. - Bolsa de Valores, Mercadorias e Futuros;1998-06-09;;;1998-05-28;
02.363.918/0001-20;2012-01-01;5;19561;ZAIN PARTICIPAÇÕES S/A;Ações Ordinárias;;;;;Balcão Organizado;BM&FBOVESPA;BM&FBOVESPA S.A. - Bolsa de Valores, Mercadorias e Futuros;1998-06-18;;;1998-06-15;
02.365.069/0001-44;2012-01-01;7;23045;IDEIASNET SA;Ações Ordinárias;;;;;Bolsa;BM&FBOVESPA;BM&FBOVESPA S.A. - Bolsa de Valores, Mercadorias e Futuros;2008-01-02;;Nível 1 de Governança Corporativa;1999-08-02;
02.366.097/0001-86;2012-01-01;3;18307;VIANORTE S/A;Debêntures;;;;;Balcão Organizado;CETIP;CETIP;2010-03-15;;;2010-03-15;
02.387.241/0001-60;2012-01-01;4;23095;ALL - AMÉRICA LATINA LOGISTICA S.A.;Ações Ordinárias;;;;;Bolsa;BM&FBOVESPA;BM&FBOVESPA S.A. - Bolsa de Valores, Mercadorias e Futuros;2010-10-22;;Nível 1 de Governança Corporativa;2004-06-24;
02.390.206/0001-09;2012-01-01;3;20709;LF TEL SA;Ações Ordinárias;;;;;Bolsa;BM&FBOVESPA;BM&FBOVESPA S.A. - Bolsa de Valores, Mercadorias e Futuros;1998-07-02;;Nível 2 de Governança Corporativa;1998-07-02;
02.397.080/0001-96;2012-01-01;3;19792;ITAPEBI GERAÇÃO DE ENERGIA S/A;Debêntures;;;;;Balcão Organizado;CETIP;CETIP;2011-04-20;;;2011-04-20;
02.415.408/0001-50;2012-01-01;4;20906;CONCESSIONARIA DE RODOVIAS DO OESTE DE SP-VIA OESTE SA;Debêntures;;;;;Balcão Organizado;BM&FBOVESPA;BM&FBOVESPA S.A. - Bolsa de Valores, Mercadorias e Futuros;2007-07-27;;;2007-07-27;
02.429.144/0001-93;2012-01-01;3;17220;CPFL ENERGIA SA;Ações Ordinárias;;;;;Bolsa;BM&FBOVESPA;BM&FBOVESPA S.A. - Bolsa de Valores, Mercadorias e Futuros;2004-09-29;;Nível 1 de Governança Corporativa;2004-09-29;
02.429.144/0001-93;2012-01-01;3;17220;CPFL ENERGIA SA;Debêntures;;;;;Balcão Organizado;CETIP;CETIP;2000-05-19;;;2000-05-18;
02.451.848/0001-62;2012-01-01;6;21177;CONCESSIONÁRIA DO SISTEMA ANHANGÜERA-BANDEIRANTES S.A.;Nota Comercial;;;;;Balcão Organizado;CETIP;CETIP;2011-11-25;;;2011-11-25;
02.451.848/0001-62;2012-01-01;6;21177;CONCESSIONÁRIA DO SISTEMA ANHANGÜERA-BANDEIRANTES S.A.;Debêntures;;;;;Balcão Organizado;CETIP;CETIP;2006-08-01;;;2006-08-01;
02.465.783/0001-04;2012-01-01;4;19562;FUTURETEL SA;Ações Ordinárias;;;;;Balcão Organizado;BM&FBOVESPA;BM&FBOVESPA S.A. - Bolsa de Valores, Mercadorias e Futuros;1998-07-02;;;1998-06-16;
02.476.710/0001-18;2012-01-01;4;19564;TELINVEST SA;Ações Ordinárias;;;;;Balcão Organizado;BM&FBOVESPA;BM&FBOVESPA S.A. - Bolsa de Valores, Mercadorias e Futuros;1998-07-02;;;1998-06-18;
02.509.491/0001-26;2012-01-01;2;18330;CONCESSIONARIA ECOVIAS DOS IMIGRANTES S.A.;Debêntures;;;;;Balcão Organizado;CETIP;CETIP;2006-12-21;;;2006-12-21;
02.541.982/0001-54;2012-01-01;4;21238;Abril Educação S.A.;Ações Ordinárias;;;;;Bolsa;BM&FBOVESPA;BM&FBOVESPA S.A. - Bolsa de Valores, Mercadorias e Futuros;2011-07-26;;Bovespa Mais N2;2011-07-26;
02.558.115/0001-21;2012-01-01;3;23162;TIM PARTICIPAÇÕES SA;Ações Ordinárias;;;;;Bolsa;BM&FBOVESPA;BM&FBOVESPA S.A. - Bolsa de Valores, Mercadorias e Futuros;1998-09-21;;Nível 2 de Governança Corporativa;1998-09-21;
02.558.124/0001-12;2012-01-01;4;21018;EMBRATEL PARTICIPAÇÕES SA;Ações Ordinárias;;;;;Bolsa;BM&FBOVESPA;BM&FBOVESPA S.A. - Bolsa de Valores, Mercadorias e Futuros;1998-09-21;;Nível 2 de Governança Corporativa;1998-09-21;
02.558.134/0001-58;2012-01-01;2;16127;TELE NORTE LESTE PARTICIPAÇÕES SA;Ações Ordinárias;;;;;Bolsa;BM&FBOVESPA;BM&FBOVESPA S.A. - Bolsa de Valores, Mercadorias e Futuros;1998-09-21;2012-04-05;Nível 2 de Governança Corporativa;1998-09-21;2012-04-05
02.558.134/0001-58;2012-01-01;2;16127;TELE NORTE LESTE PARTICIPAÇÕES SA;Debêntures;;;;;Balcão Organizado;CETIP;CETIP;2010-08-19;2012-03-28;;2010-08-19;2012-03-28
02.558.154/0001-29;2012-01-01;3;19476;TELE NORTE CELULAR PARTICIPAÇÕES SA;Ações Ordinárias;;;;;Bolsa;BM&FBOVESPA;BM&FBOVESPA S.A. - Bolsa de Valores, Mercadorias e Futuros;1998-09-21;;Nível 2 de Governança Corporativa;1998-09-21;
02.558.157/0001-62;2012-01-01;5;23446;TELEFONICA BRASIL S.A;Ações Ordinárias;;;;;Bolsa;BM&FBOVESPA;BM&FBOVESPA S.A. - Bolsa de Valores, Mercadorias e Futuros;1998-08-19;;Nível 2 de Governança Corporativa;1998-08-19;
02.591.787/0001-39;2012-01-01;4;19567;CAPITALPART PARTICIPAÇÕES SA;Ações Ordinárias;;;;;Balcão Organizado;BM&FBOVESPA;BM&FBOVESPA S.A. - Bolsa de Valores, Mercadorias e Futuros;1998-07-20;;;1998-07-09;
02.604.860/0001-60;2012-01-01;4;19566;SELECTPART PARTICIPACOES SA;Ações Ordinárias;;;;;Balcão Organizado;BM&FBOVESPA;BM&FBOVESPA S.A. - Bolsa de Valores, Mercadorias e Futuros;1998-07-22;;;1998-07-20;
02.604.997/0001-14;2012-01-01;5;19580;NEWTEL PARTICIPACOES SA;Ações Ordinárias;;;;;Balcão Organizado;BM&FBOVESPA;BM&FBOVESPA S.A. - Bolsa de Valores, Mercadorias e Futuros;1998-07-22;;;1998-07-20;
02.762.113/0001-50;2012-01-01;7;21166;BRAZILIAN FINANCE & REAL ESTATE S.A.;Ações Ordinárias;;;;;Bolsa;BM&FBOVESPA;BM&FBOVESPA S.A. - Bolsa de Valores, Mercadorias e Futuros;2012-07-05;;Nível 2 de Governança Corporativa;2012-07-02;
02.762.115/0001-49;2012-01-01;3;17111;MMX MINERAÇÃO E METÁLICOS S.A.;Ações Ordinárias;;;;;Bolsa;BM&FBOVESPA;BM&FBOVESPA S.A. - Bolsa de Valores, Mercadorias e Futuros;2006-07-24;;Nível 1 de Governança Corporativa;2006-07-24;
02.762.115/0001-49;2012-01-01;3;17111;MMX MINERAÇÃO E METÁLICOS S.A.;Debêntures;;;;;Balcão Organizado;CETIP;CETIP;2009-04-02;;;2009-04-02;
02.762.121/0001-04;2012-01-01;3;16794;SANTOS BRASIL PARTICIPAÇÕES S.A.;Ações Ordinárias;;;;;Bolsa;BM&FBOVESPA;BM&FBOVESPA S.A. - Bolsa de Valores, Mercadorias e Futuros;2007-10-24;;Bovespa Mais N2;2007-10-24;
02.762.124/0001-30;2012-01-01;3;18195;BETAPART PARTICIPAÇÕES SA;Ações Ordinárias;;;;;Balcão Organizado;BM&FBOVESPA;BM&FBOVESPA S.A. - Bolsa de Valores, Mercadorias e Futuros;1998-11-17;;;1998-11-17;
02.762.124/0001-30;2012-01-01;3;18195;BETAPART PARTICIPAÇÕES SA;Ações Ordinárias;;;;;Balcão Organizado;BM&FBOVESPA;BM&FBOVESPA S.A. - Bolsa de Valores, Mercadorias e Futuros;1998-11-17;;;1998-11-17;
02.773.542/0001-22;2012-01-01;3;19323;RB CAPITAL COMPANHIA DE SECURITIZAÇÃO;Certificados de Recebíveis Imobiliários;;;;;Balcão Organizado;CETIP;CETIP;2007-03-17;;;2007-03-17;
02.773.542/0001-22;2012-01-01;3;19323;RB CAPITAL COMPANHIA DE SECURITIZAÇÃO;Certificados de Recebíveis Imobiliários;;;;;Bolsa;BM&FBOVESPA;BM&FBOVESPA S.A. - Bolsa de Valores, Mercadorias e Futuros;2007-03-17;;;2007-03-17;
02.796.775/0001-40;2012-01-01;3;18226;GAMA PARTICIPAÇÕES S.A.;Ações Ordinárias;;;;;Balcão Organizado;BM&FBOVESPA;BM&FBOVESPA S.A. - Bolsa de Valores, Mercadorias e Futuros;1999-01-05;;;1999-01-05;
02.800.026/0001-40;2012-01-01;2;17042;KROTON EDUCACIONAL S.A.;Ações Ordinárias;;;;;Bolsa;BM&FBOVESPA;BM&FBOVESPA S.A. - Bolsa de Valores, Mercadorias e Futuros;2007-07-23;;Bovespa Mais N2;2007-07-23;
02.846.056/0001-97;2012-01-01;4;20787;CCR S.A.;Ações Ordinárias;;;;;Bolsa;BM&FBOVESPA;BM&FBOVESPA S.A. - Bolsa de Valores, Mercadorias e Futuros;2002-02-02;;Nível 1 de Governança Corporativa;2002-02-02;
02.916.265/0001-60;2012-01-01;4;20145;JBS SA;Ações Ordinárias;;;;;Bolsa;BM&FBOVESPA;BM&FBOVESPA S.A. - Bolsa de Valores, Mercadorias e Futuros;2007-03-28;;Nível 1 de Governança Corporativa;2007-03-28;
02.950.811/0001-89;2012-01-01;7;23335;PDG REALTY SA EMPREENDIMENTOS E PARTS;Ações Ordinárias;;;;;Bolsa;BM&FBOVESPA;BM&FBOVESPA S.A. - Bolsa de Valores, Mercadorias e Futuros;2007-01-26;;Nível 1 de Governança Corporativa;2007-01-26;
02.950.811/0001-89;2012-01-01;7;23335;PDG REALTY SA EMPREENDIMENTOS E PARTS;Debêntures;;;;;Bolsa;BM&FBOVESPA;BM&FBOVESPA S.A. - Bolsa de Valores, Mercadorias e Futuros;2007-07-01;;;2007-07-01;
02.983.428/0001-27;2012-01-01;5;20138;Cemig Telecomunicações S.A. - CEMIGTelecom;Debêntures;;;;;Balcão Não-Organizado;;;;;;2010-01-15;
02.992.449/0001-09;2012-01-01;3;18389;PROMPT PARTICIPAÇÕES S.A.;Ações Ordinárias;;;;;Balcão Organizado;BM&FBOVESPA;BM&FBOVESPA S.A. - Bolsa de Valores, Mercadorias e Futuros;1999-06-21;;;1999-06-21;
02.998.301/0001-81;2012-01-01;3;17240;DUKE ENERGY INT,GERAÇÃO PARANAPANEMA SA;Ações Ordinárias;;;;;Bolsa;BM&FBOVESPA;BM&FBOVESPA S.A. - Bolsa de Valores, Mercadorias e Futuros;1999-07-26;;Nível 2 de Governança Corporativa;1999-07-26;
02.998.301/0001-81;2012-01-01;3;17240;DUKE ENERGY INT,GERAÇÃO PARANAPANEMA SA;Debêntures;;;;;Balcão Organizado;CETIP;CETIP;2008-09-15;;;2008-09-15;
02.998.609/0001-27;2012-01-01;3;19590;AES TIETE SA;Ações Ordinárias;;;;;Bolsa;BM&FBOVESPA;BM&FBOVESPA S.A. - Bolsa de Valores, Mercadorias e Futuros;1999-07-26;;Nível 2 de Governança Corporativa;1999-07-26;
03.014.553/0001-91;2012-01-01;6;20987;TPI - TRIUNFO PARTICIPACOES E INVESTIMENTOS S.A.;Ações Ordinárias;;;;;Bolsa;BM&FBOVESPA;BM&FBOVESPA S.A. - Bolsa de Valores, Mercadorias e Futuros;2007-07-23;;Nível 1 de Governança Corporativa;2007-07-23;
03.014.553/0001-91;2012-01-01;6;20987;TPI - TRIUNFO PARTICIPACOES E INVESTIMENTOS S.A.;Debêntures;;;;;Balcão Não-Organizado;;;;;;2010-07-20;2010-10-20
03.014.553/0001-91;2012-01-01;6;20987;TPI - TRIUNFO PARTICIPACOES E INVESTIMENTOS S.A.;Nota Comercial;;;;;Balcão Não-Organizado;;;;;;2012-05-02;
03.220.438/0001-73;2012-01-01;7;22954;EQUATORIAL ENERGIA S/A;Ações Ordinárias;;;;;Bolsa;BM&FBOVESPA;BM&FBOVESPA S.A. - Bolsa de Valores, Mercadorias e Futuros;2008-04-23;;Nível 1 de Governança Corporativa;2006-03-30;
03.303.999/0001-36;2012-01-01;2;17903;DTCOM - DIRECT TO COMPANY S.A.;Ações Ordinárias;;;;;Bolsa;BM&FBOVESPA;BM&FBOVESPA S.A. - Bolsa de Valores, Mercadorias e Futuros;2001-04-17;;Nível 2 de Governança Corporativa;2001-04-17;
03.378.521/0001-75;2012-01-01;3;20461;LIGHT SA;Ações Ordinárias;;;;;Bolsa;BM&FBOVESPA;BM&FBOVESPA S.A. - Bolsa de Valores, Mercadorias e Futuros;2006-02-22;;Nível 1 de Governança Corporativa;2006-02-22;
03.538.833/0001-07;2012-01-01;4;18012;XX DE NOVEMBRO INVESTIMENTOS E PARTICIPAÇÕES S.A;Certificados de Recebíveis Imobiliários;;;;;Balcão Organizado;BM&FBOVESPA;BM&FBOVESPA S.A. - Bolsa de Valores, Mercadorias e Futuros;2006-08-08;;;2006-08-08;
03.559.006/0001-91;2012-01-01;2;18646;RB CAPITAL SECURITIZADORA S.A.;Certificados de Recebíveis Imobiliários;;;;;Balcão Organizado;CETIP;CETIP;2007-03-17;;;2007-03-17;
03.559.006/0001-91;2012-01-01;2;18646;RB CAPITAL SECURITIZADORA S.A.;Certificados de Recebíveis Imobiliários;;;;;Bolsa;BM&FBOVESPA;BM&FBOVESPA S.A. - Bolsa de Valores, Mercadorias e Futuros;2007-03-17;;;2007-03-17;
03.616.277/0001-31;2012-01-01;2;18396;ARAUCÁRIA PARTICIPAÇÕES SA;Ações Ordinárias;;;;;Balcão Organizado;BM&FBOVESPA;BM&FBOVESPA S.A. - Bolsa de Valores, Mercadorias e Futuros;2000-04-18;;;2000-04-18;
03.767.538/0001-14;2012-01-01;4;21165;BRAZILIAN SECURITIES CIA SECURITIZAÇÃO;Nota Comercial;;;;;Balcão Organizado;CETIP;CETIP;2011-02-03;;;2011-02-03;
03.767.538/0001-14;2012-01-01;4;21165;BRAZILIAN SECURITIES CIA SECURITIZAÇÃO;Certificados de Recebíveis Imobiliários;;;;;Bolsa;BM&FBOVESPA;BM&FBOVESPA S.A. - Bolsa de Valores, Mercadorias e Futuros;2001-02-13;;;2001-02-13;
03.767.538/0001-14;2012-01-01;4;21165;BRAZILIAN SECURITIES CIA SECURITIZAÇÃO;Certificados de Recebíveis Imobiliários;;;;;Balcão Organizado;CETIP;CETIP;2001-02-13;;;2001-02-13;
03.795.050/0001-09;2012-01-01;3;19795;TERMOPERNAMBUCO SA;Debêntures;;;;;Balcão Organizado;CETIP;CETIP;2007-10-08;;;2007-10-08;
03.847.461/0001-92;2012-01-01;2;18385;BRADESPAR S/A;Ações Ordinárias;;;;;Bolsa;BM&FBOVESPA;BM&FBOVESPA S.A. - Bolsa de Valores, Mercadorias e Futuros;2001-06-26;;Bovespa Mais;2000-08-07;
03.847.461/0001-92;2012-01-01;2;18385;BRADESPAR S/A;Debêntures;;;;;Balcão Organizado;CETIP;CETIP;2009-07-13;;;2009-07-13;
03.853.896/0001-40;2012-01-01;4;22065;MARFRIG ALIMENTOS SA;Ações Ordinárias;;;;;Bolsa;BM&FBOVESPA;BM&FBOVESPA S.A. - Bolsa de Valores, Mercadorias e Futuros;2007-06-29;;Nível 1 de Governança Corporativa;2007-06-29;
03.853.896/0001-40;2012-01-01;4;22065;MARFRIG ALIMENTOS SA;Debêntures;;;;;Balcão Organizado;CETIP;CETIP;2011-04-18;;;2011-04-18;
03.853.896/0001-40;2012-01-01;4;22065;MARFRIG ALIMENTOS SA;Debêntures Conversíveis;;;;;Balcão Não-Organizado;;;;;;2010-07-15;
03.953.509/0001-47;2012-01-01;3;17226;CPFL GERAÇÃO DE ENERGIA S/A;Debêntures;;;;;Balcão Organizado;CETIP;CETIP;2009-04-14;;;2009-04-14;
03.983.431/0001-03;2012-01-01;4;17215;EDP ENERGIAS DO BRASIL S/A;Ações Ordinárias;;;;;Bolsa;BM&FBOVESPA;BM&FBOVESPA S.A. - Bolsa de Valores, Mercadorias e Futuros;2005-07-13;;Nível 1 de Governança Corporativa;2005-07-13;
04.031.960/0001-70;2012-01-01;4;20981;ANDRADE GUTIERREZ PARTICIPAÇÕES SA;Debêntures;;;;;Balcão Organizado;CETIP;CETIP;2006-12-15;;;2006-12-15;
04.032.433/0001-80;2012-01-01;5;21284;CONTAX PARTICIPAÇÕES S.A.;Debêntures;;;;;Balcão Organizado;CETIP;CETIP;2011-12-15;2011-12-27;;2011-12-15;2011-12-27
04.065.791/0001-99;2012-01-01;2;23076;Senior Solution S.A.;Ações Ordinárias;;;;;Balcão Organizado;BM&FBOVESPA;BM&FBOVESPA S.A. - Bolsa de Valores, Mercadorias e Futuros;2012-05-10;;;2012-04-26;
04.128.563/0001-10;2012-01-01;3;19591;CIA BRASILIANA DE ENERGIA;Debêntures;;;;;Balcão Organizado;BM&FBOVESPA;BM&FBOVESPA S.A. - Bolsa de Valores, Mercadorias e Futuros;2010-01-01;;;2010-01-01;
04.149.454/0001-80;2012-01-01;2;18331;ECORODOVIAS INFRAESTRUTURA E LOGÍSTICA S.A;Ações Ordinárias;;;;;Bolsa;BM&FBOVESPA;BM&FBOVESPA S.A. - Bolsa de Valores, Mercadorias e Futuros;2010-04-01;;Nível 1 de Governança Corporativa;2010-04-01;
04.149.454/0001-80;2012-01-01;2;18331;ECORODOVIAS INFRAESTRUTURA E LOGÍSTICA S.A;Nota Comercial;;;;;Balcão Organizado;CETIP;CETIP;2012-05-18;;;2012-05-18;
04.310.392/0001-46;2012-01-01;2;19048;ANHANGUERA EDUCACIONAL PARTICIPAÇÕES S.A.;Ações Ordinárias;;;;;Bolsa;BM&FBOVESPA;BM&FBOVESPA S.A. - Bolsa de Valores, Mercadorias e Futuros;2010-11-24;;Nível 1 de Governança Corporativa;2007-03-09;
04.437.534/0001-30;2012-01-01;1;15033;UNIDAS S/A;Debêntures;;;;;Balcão Organizado;CETIP;CETIP;2008-08-04;;;2008-08-04;
04.437.534/0001-30;2012-01-01;1;15033;UNIDAS S/A;Nota Comercial;;;;;Balcão Organizado;CETIP;CETIP;2011-08-05;;;2011-08-05;
04.752.991/0001-10;2012-01-01;3;18880;BIOMM SA;Ações Ordinárias;;;;;Bolsa;BM&FBOVESPA;BM&FBOVESPA S.A. - Bolsa de Valores, Mercadorias e Futuros;2002-09-05;;Nível 2 de Governança Corporativa;2002-09-05;
04.821.041/0001-08;2012-01-01;2;17800;METALFRIO SOLUTIONS S/A;Ações Ordinárias;;;;;Bolsa;BM&FBOVESPA;BM&FBOVESPA S.A. - Bolsa de Valores, Mercadorias e Futuros;2007-04-13;;Nível 1 de Governança Corporativa;2007-04-13;
04.895.728/0001-80;2012-01-01;6;23472;CENTRAIS ELÉTRICAS DO PARÁ S.A - CELPA;Ações Ordinárias;;;;;Bolsa;BM&FBOVESPA;BM&FBOVESPA S.A. - Bolsa de Valores, Mercadorias e Futuros;1999-06-14;;Nível 2 de Governança Corporativa;1999-06-14;
05.341.549/0001-63;2012-01-01;5;22123;TARPON INVESTIMENTOS S/A;Ações Ordinárias;;;;;Bolsa;BM&FBOVESPA;BM&FBOVESPA S.A. - Bolsa de Valores, Mercadorias e Futuros;2009-05-21;;Nível 1 de Governança Corporativa;2009-05-21;
05.799.312/0001-20;2012-01-01;6;21343;VANGUARDA AGRO S.A.;Ações Ordinárias;;;;;Bolsa;BM&FBOVESPA;BM&FBOVESPA S.A. - Bolsa de Valores, Mercadorias e Futuros;2006-11-22;;Nível 1 de Governança Corporativa;2006-11-22;
05.878.397/0001-32;2012-01-01;4;19985;SONAE SIERRA BRASIL S.A.;Ações Ordinárias;;;;;Bolsa;BM&FBOVESPA;BM&FBOVESPA S.A. - Bolsa de Valores, Mercadorias e Futuros;2011-02-02;;Nível 1 de Governança Corporativa;2011-02-02;
05.878.397/0001-32;2012-01-01;4;19985;SONAE SIERRA BRASIL S.A.;Debêntures;;;;;Balcão Organizado;CETIP;CETIP;2012-03-15;;;2012-03-02;
06.018.000/0001-03;2012-01-01;2;19085;FIBRA CIA SECURITIZADORA CRED IMOB;Certificados de Recebíveis Imobiliários;;;;;Balcão Não-Organizado;;;;;;2004-07-02;
06.082.980/0001-03;2012-01-01;8;22814;ALIANSCE SHOPPING CENTERS S/A;Ações Ordinárias;;;;;Bolsa;BM&FBOVESPA;BM&FBOVESPA S.A. - Bolsa de Valores, Mercadorias e Futuros;2010-01-28;;Nível 1 de Governança Corporativa;2010-01-28;
06.082.980/0001-03;2012-01-01;8;22814;ALIANSCE SHOPPING CENTERS S/A;Debêntures;;;;;Balcão Organizado;CETIP;CETIP;2012-02-15;;;2012-02-15;
06.082.980/0001-03;2012-01-01;8;22814;ALIANSCE SHOPPING CENTERS S/A;Nota Comercial;;;;;Balcão Organizado;CETIP;CETIP;2012-04-13;;;2012-04-13;
06.272.793/0001-84;2012-01-01;4;19449;COMPANHIA ENERGÉTICA DO MARANHÃO CEMAR;Ações Ordinárias;;;;;Balcão Organizado;BM&FBOVESPA;BM&FBOVESPA S.A. - Bolsa de Valores, Mercadorias e Futuros;1997-11-13;;;1997-11-13;
06.272.793/0001-84;2012-01-01;4;19449;COMPANHIA ENERGÉTICA DO MARANHÃO CEMAR;Debêntures;;;;;Balcão Organizado;CETIP;CETIP;2012-06-21;;;2012-06-21;
06.626.253/0001-51;2012-01-01;2;18214;Empreendimentos Pague Menos S/A;Debêntures;;;;;Balcão Organizado;CETIP;CETIP;2012-05-18;;;2012-05-18;
06.977.739/0001-34;2012-01-01;3;22362;TEMPO PARTICIPAÇOES S/A;Ações Ordinárias;;;;;Bolsa;BM&FBOVESPA;BM&FBOVESPA S.A. - Bolsa de Valores, Mercadorias e Futuros;2007-12-19;;Nível 1 de Governança Corporativa;2007-12-19;
06.977.745/0001-91;2012-01-01;7;21817;BR MALLS PARTICIPAÇOES S.A.;Nota Comercial;;;;;Balcão Organizado;CETIP;CETIP;2012-07-27;;;2012-07-27;
06.977.751/0001-49;2012-01-01;5;19370;BR PROPERTIES S.A.;Ações Ordinárias;;;;;Balcão Organizado;BM&FBOVESPA;BM&FBOVESPA S.A. - Bolsa de Valores, Mercadorias e Futuros;2010-03-08;;;2010-03-08;
06.977.751/0001-49;2012-01-01;5;19370;BR PROPERTIES S.A.;Debêntures;;;;;Balcão Organizado;CETIP;CETIP;2010-09-30;;;2010-09-30;
06.977.751/0001-49;2012-01-01;5;19370;BR PROPERTIES S.A.;Nota Comercial;;;;;Balcão Organizado;CETIP;CETIP;2012-05-03;;;2012-05-03;
06.981.176/0001-58;2012-01-01;5;19645;CEMIG GERAÇÃO E TRANSMISSÃO S/A;Debêntures;;;;;Balcão Organizado;BM&FBOVESPA;BM&FBOVESPA S.A. - Bolsa de Valores, Mercadorias e Futuros;2007-05-04;;;2007-05-04;
06.981.176/0001-58;2012-01-01;5;19645;CEMIG GERAÇÃO E TRANSMISSÃO S/A;Debêntures;;;;;Balcão Organizado;CETIP;CETIP;2007-04-27;;;2007-04-27;
06.981.176/0001-58;2012-01-01;5;19645;CEMIG GERAÇÃO E TRANSMISSÃO S/A;Nota Comercial;;;;;Balcão Organizado;CETIP;CETIP;2012-01-13;;;2012-01-13;
06.981.180/0001-16;2012-01-01;3;19643;CEMIG DISTRIBUIÇÃO S/A;Debêntures;;;;;Balcão Organizado;CETIP;CETIP;2007-12-19;;;2007-12-19;
06.981.180/0001-16;2012-01-01;3;19643;CEMIG DISTRIBUIÇÃO S/A;Debêntures;;;;;Balcão Organizado;BM&FBOVESPA;BM&FBOVESPA S.A. - Bolsa de Valores, Mercadorias e Futuros;2007-12-27;;;2007-12-27;
07.047.251/0001-70;2012-01-01;5;20025;CIA ENERG CEARA - COELCE;Ações Ordinárias;;;;;Bolsa;BM&FBOVESPA;BM&FBOVESPA S.A. - Bolsa de Valores, Mercadorias e Futuros;1995-10-09;;Nível 2 de Governança Corporativa;1995-10-09;
07.119.838/0001-48;2012-01-01;2;17631;BRAZIL REALTY CIA SECURITIZADORA DE CREDITOS IMOLIARIOS;Certificados de Recebíveis Imobiliários;;;;;Balcão Não-Organizado;;;;;;2011-06-14;
07.256.507/0001-50;2012-01-01;5;22898;ITAUSEG PARTICIPAÇÕES SA;Debêntures;;;;;Bolsa;BM&FBOVESPA;BM&FBOVESPA S.A. - Bolsa de Valores, Mercadorias e Futuros;2006-01-05;;;2006-01-05;
07.332.190/0001-93;2012-01-01;2;16752;VICUNHA TEXTIL SA;Ações Ordinárias;;;;;Balcão Organizado;BM&FBOVESPA;BM&FBOVESPA S.A. - Bolsa de Valores, Mercadorias e Futuros;1971-12-27;;;1971-12-27;
07.450.604/0001-89;2012-01-01;3;18087;BANCO INDUSTRIAL E COMERCIAL S/A;Ações Ordinárias;;;;;Bolsa;BM&FBOVESPA;BM&FBOVESPA S.A. - Bolsa de Valores, Mercadorias e Futuros;2007-09-24;;Bovespa Mais;2007-09-24;
07.587.384/0001-30;2012-01-01;5;19738;GAIA SECURITIZADORA S/A;Certificados de Recebíveis Imobiliários;;;;;Balcão Organizado;CETIP;CETIP;2009-03-20;;;2009-03-20;
07.620.094/0001-40;2012-01-01;3;19785;AFLUENTE G&T DE ENERGIA ELÉTRICA S/A;Ações Ordinárias;;;;;Bolsa;BM&FBOVESPA;BM&FBOVESPA S.A. - Bolsa de Valores, Mercadorias e Futuros;2007-12-11;;Nível 2 de Governança Corporativa;2007-12-10;
07.628.528/0001-59;2012-01-01;2;17983;BRASILAGRO CIA BRAS DE PROP AGRICOLAS;Ações Ordinárias;;;;;Bolsa;BM&FBOVESPA;BM&FBOVESPA S.A. - Bolsa de Valores, Mercadorias e Futuros;2006-04-25;;Nível 1 de Governança Corporativa;2006-04-25;
07.628.528/0001-59;2012-01-01;2;17983;BRASILAGRO CIA BRAS DE PROP AGRICOLAS;Bônus de Subscrição;;;;;Balcão Organizado;BM&FBOVESPA;BM&FBOVESPA S.A. - Bolsa de Valores, Mercadorias e Futuros;2006-04-25;;;2006-04-25;
07.689.002/0001-89;2012-01-01;8;21409;EMBRAER EMPR BRAS. DE AERONAUTICA S/A;Ações Ordinárias;;;;;Bolsa;BM&FBOVESPA;BM&FBOVESPA S.A. - Bolsa de Valores, Mercadorias e Futuros;2006-05-23;;Nível 1 de Governança Corporativa;2006-05-23;
07.700.557/0001-84;2012-01-01;4;21440;BROOKFIELD INCORPORAÇÕES S.A.;Ações Ordinárias;;;;;Bolsa;BM&FBOVESPA;BM&FBOVESPA S.A. - Bolsa de Valores, Mercadorias e Futuros;2006-10-20;;Nível 1 de Governança Corporativa;2006-09-11;
07.718.269/0001-57;2012-01-01;4;23419;SPRINGS GLOBAL PARTICIPAÇÕES S/A;Ações Ordinárias;;;;;Bolsa;BM&FBOVESPA;BM&FBOVESPA S.A. - Bolsa de Valores, Mercadorias e Futuros;2007-07-27;;Nível 1 de Governança Corporativa;2007-07-27;
07.809.905/0001-56;2012-01-01;3;16915;AMPLA INVESTIMENTOS E SERVIÇOS S/A;Ações Ordinárias;;;;;Bolsa;BM&FBOVESPA;BM&FBOVESPA S.A. - Bolsa de Valores, Mercadorias e Futuros;2006-08-03;;Nível 2 de Governança Corporativa;2006-08-03;
07.857.850/0001-50;2012-01-01;3;18521;GP INVESTMENTS, LTD;Certificados de depósito de valores mobiliários;;;;;Bolsa;BM&FBOVESPA;BM&FBOVESPA S.A. - Bolsa de Valores, Mercadorias e Futuros;2006-06-30;;;2006-06-30;
07.859.971/0001-30;2012-01-01;7;21341;TRANSMISSORA ALIANÇA DE ENERGIA ELÉTRICA S.A.;Certificados de Depósito de Valores Mobiliários;;;;;Bolsa;BM&FBOVESPA;BM&FBOVESPA S.A. - Bolsa de Valores, Mercadorias e Futuros;2006-10-27;;;2006-10-06;
07.859.971/0001-30;2012-01-01;7;21341;TRANSMISSORA ALIANÇA DE ENERGIA ELÉTRICA S.A.;Nota Comercial;;;;;Balcão Organizado;CETIP;CETIP;2009-10-06;;;2009-10-06;
07.859.971/0001-30;2012-01-01;7;21341;TRANSMISSORA ALIANÇA DE ENERGIA ELÉTRICA S.A.;Debêntures;;;;;Balcão Organizado;CETIP;CETIP;2010-07-20;;;2010-07-20;
07.875.234/0001-21;2012-01-01;1;14501;ONE PROPERTIES S.A.;Debêntures;;;;;Balcão Organizado;CETIP;CETIP;2010-09-30;;;2010-09-30;
07.875.234/0001-21;2012-01-01;1;14501;ONE PROPERTIES S.A.;Bônus de Subscrição;;;;;Balcão Não-Organizado;;;;;;2007-01-29;
07.875.234/0001-21;2012-01-01;1;14501;ONE PROPERTIES S.A.;Nota Comercial;;;;;Balcão Organizado;CETIP;CETIP;2010-09-03;;;2010-09-03;
07.875.234/0001-21;2012-01-01;1;14501;ONE PROPERTIES S.A.;Ações Ordinárias;;;;;Balcão Não-Organizado;;;;;;2006-12-29;
07.949.970/0001-87;2012-01-01;5;21556;CENTENNIAL ASSET PART. MINAS-RIO S/A;Ações Ordinárias;;;;;Balcão Organizado;BM&FBOVESPA;BM&FBOVESPA S.A. - Bolsa de Valores, Mercadorias e Futuros;2006-07-19;;;2006-07-19;
07.949.970/0001-87;2012-01-01;5;21556;CENTENNIAL ASSET PART. MINAS-RIO S/A;Bônus de Subscrição;;;;;Balcão Organizado;BM&FBOVESPA;BM&FBOVESPA S.A. - Bolsa de Valores, Mercadorias e Futuros;2006-07-19;;;2006-07-19;
07.957.093/0001-96;2012-01-01;3;16678;OGX PETRÓLEO E GÁS PARTICIPAÇÕES S/A;Ações Ordinárias;;;;;Bolsa;BM&FBOVESPA;BM&FBOVESPA S.A. - Bolsa de Valores, Mercadorias e Futuros;2008-06-13;;Nível 1 de Governança Corporativa;2008-06-13;
08.065.557/0001-12;2012-01-01;4;22813;TECNISA S/A;Debêntures;;;;;Balcão Organizado;CETIP;CETIP;2009-11-23;;;2009-11-23;
08.065.557/0001-12;2012-01-01;4;22813;TECNISA S/A;Ações Ordinárias;;;;;Bolsa;BM&FBOVESPA;BM&FBOVESPA S.A. - Bolsa de Valores, Mercadorias e Futuros;2007-02-01;;Nível 1 de Governança Corporativa;2007-02-01;
08.078.847/0001-09;2012-01-01;4;17952;LPS BRASIL CONSULTORIA DE IMOVEIS S/A;Ações Ordinárias;;;;;Bolsa;BM&FBOVESPA;BM&FBOVESPA S.A. - Bolsa de Valores, Mercadorias e Futuros;2006-12-18;;Nível 1 de Governança Corporativa;2006-12-18;
08.281.683/0001-04;2012-01-01;3;21575;RJCP EQUITY S/A;Ações Ordinárias;;;;;Bolsa;BM&FBOVESPA;BM&FBOVESPA S.A. - Bolsa de Valores, Mercadorias e Futuros;2011-06-20;;Nível 2 de Governança Corporativa;2011-06-20;
08.294.224/0001-65;2012-01-01;3;18119;JHSF PARTICIPAÇÕES SA;Ações Ordinárias;;;;;Bolsa;BM&FBOVESPA;BM&FBOVESPA S.A. - Bolsa de Valores, Mercadorias e Futuros;2007-04-12;;Nível 1 de Governança Corporativa;2007-04-12;
08.294.224/0001-65;2012-01-01;3;18119;JHSF PARTICIPAÇÕES SA;Debêntures;;;;;Balcão Organizado;CETIP;CETIP;2009-11-12;;;2009-11-12;
08.312.229/0001-73;2012-01-01;3;17664;EZ TEC EMPREEND. E PARTICIPAÇÕES S/A;Ações Ordinárias;;;;;Bolsa;BM&FBOVESPA;BM&FBOVESPA S.A. - Bolsa de Valores, Mercadorias e Futuros;2007-06-21;;Nível 1 de Governança Corporativa;2007-06-15;
08.324.196/0001-81;2012-01-01;3;19779;CIA ENERGÉTICA DO RIO GRANDE DO NORTE;Ações Ordinárias;;;;;Balcão Organizado;BM&FBOVESPA;BM&FBOVESPA S.A. - Bolsa de Valores, Mercadorias e Futuros;1999-05-17;;;1999-05-17;
08.324.196/0001-81;2012-01-01;3;19779;CIA ENERGÉTICA DO RIO GRANDE DO NORTE;Debêntures;;;;;Balcão Organizado;CETIP;CETIP;2007-12-01;;;2007-12-01;
08.343.492/0001-20;2012-01-01;4;19542;MRV ENGENHARIA E PARTICIPAÇÕES S/A;Ações Ordinárias;;;;;Bolsa;BM&FBOVESPA;BM&FBOVESPA S.A. - Bolsa de Valores, Mercadorias e Futuros;2007-07-23;;Nível 1 de Governança Corporativa;2007-07-19;
08.343.492/0001-20;2012-01-01;4;19542;MRV ENGENHARIA E PARTICIPAÇÕES S/A;Debêntures;;;;;Balcão Organizado;CETIP;CETIP;2008-07-29;;;2008-07-25;
08.424.178/0001-71;2012-01-01;2;17476;TECBLU - TECELAGEM BLUMENAU S/A.;Ações Ordinárias;;;;;Bolsa;BM&FBOVESPA;BM&FBOVESPA S.A. - Bolsa de Valores, Mercadorias e Futuros;2011-01-01;2011-12-31;Nível 2 de Governança Corporativa;2011-01-01;2011-12-31
08.439.659/0001-50;2012-01-01;8;21866;CPFL ENERGIA RENOVAVEIS S.A.;Debêntures;;;;;Balcão Organizado;CETIP;CETIP;2012-06-15;;;2012-06-15;
08.534.605/0001-74;2012-01-01;4;19031;RENOVA ENERGIA S/A;Ações Ordinárias;;;;;Bolsa;BM&FBOVESPA;BM&FBOVESPA S.A. - Bolsa de Valores, Mercadorias e Futuros;2010-07-13;;Bovespa Mais N2;2010-07-13;
08.560.444/0001-93;2012-01-01;5;18655;COMPANHIA CELG DE PARTICIPAÇÕES;Ações Ordinárias;;;;;Bolsa;BM&FBOVESPA;BM&FBOVESPA S.A. - Bolsa de Valores, Mercadorias e Futuros;2008-03-14;;Nível 2 de Governança Corporativa;2008-03-14;
08.741.499/0001-08;2012-01-01;9;23445;LLX LOGISTICA SA;Ações Ordinárias;;;;;Bolsa;BM&FBOVESPA;BM&FBOVESPA S.A. - Bolsa de Valores, Mercadorias e Futuros;2008-07-28;;Nível 1 de Governança Corporativa;2008-07-28;
08.764.621/0001-53;2012-01-01;3;21772;GENERAL SHOPPING BRASIL SA;Ações Ordinárias;;;;;Bolsa;BM&FBOVESPA;BM&FBOVESPA S.A. - Bolsa de Valores, Mercadorias e Futuros;2007-07-27;;Nível 1 de Governança Corporativa;2007-07-27;
08.801.621/0001-86;2012-01-01;2;16780;CYRELA COMMERCIAL PROPERTIES SA EMP PART;Ações Ordinárias;;;;;Bolsa;BM&FBOVESPA;BM&FBOVESPA S.A. - Bolsa de Valores, Mercadorias e Futuros;2007-08-09;;Nível 1 de Governança Corporativa;2007-08-09;
08.801.621/0001-86;2012-01-01;2;16780;CYRELA COMMERCIAL PROPERTIES SA EMP PART;Debêntures;;;;;Balcão Organizado;CETIP;CETIP;2010-03-10;;;2010-03-10;
08.807.432/0001-10;2012-01-01;5;23302;ESTACIO PARTICIPAÇÕES SA;Debêntures;;;;;Balcão Organizado;CETIP;CETIP;2011-11-25;;;2011-11-25;
08.807.432/0001-10;2012-01-01;5;23302;ESTACIO PARTICIPAÇÕES SA;Ações Ordinárias;;;;;Bolsa;BM&FBOVESPA;BM&FBOVESPA S.A. - Bolsa de Valores, Mercadorias e Futuros;2008-06-30;;Nível 1 de Governança Corporativa;2008-06-30;
08.811.643/0001-27;2012-01-01;4;22574;TRISUL S/A;Ações Ordinárias;;;;;Bolsa;BM&FBOVESPA;BM&FBOVESPA S.A. - Bolsa de Valores, Mercadorias e Futuros;2007-10-15;;Nível 1 de Governança Corporativa;2007-10-15;
08.811.643/0001-27;2012-01-01;4;22574;TRISUL S/A;Debêntures;;;;;Balcão Organizado;CETIP;CETIP;2008-07-25;;;2008-07-25;
08.887.330/0001-52;2012-01-01;3;19938;COSAN LIMITED;Certificados de depósito de valores mobiliários;;;;;Bolsa;BM&FBOVESPA;BM&FBOVESPA S.A. - Bolsa de Valores, Mercadorias e Futuros;2007-08-15;;;2007-08-15;
08.936.792/0001-12;2012-01-01;5;23430;INTERNATIONAL MEAL COMPANY HOLDINGS S/A;Ações Ordinárias;;;;;Bolsa;BM&FBOVESPA;BM&FBOVESPA S.A. - Bolsa de Valores, Mercadorias e Futuros;2011-03-09;;Nível 1 de Governança Corporativa;2011-03-09;
08.943.312/0001-40;2012-01-01;2;23180;AGRENCO LIMITED;Certificados de depósito de valores mobiliários;;;;;Bolsa;BM&FBOVESPA;BM&FBOVESPA S.A. - Bolsa de Valores, Mercadorias e Futuros;2007-10-26;;;2007-10-25;
09.095.183/0001-40;2012-01-01;3;17973;ENERGISA PARAÍBA - DISTRIBUIDORA DE ENERGIA S/A;Debêntures;;;;;Balcão Organizado;CETIP;CETIP;2010-01-29;;;2010-01-29;
09.112.685/0001-32;2012-01-01;3;19438;OSX BRASIL S.A.;Ações Ordinárias;;;;;Bolsa;BM&FBOVESPA;BM&FBOVESPA S.A. - Bolsa de Valores, Mercadorias e Futuros;2010-03-22;;Nível 1 de Governança Corporativa;2010-03-22;
09.295.063/0001-97;2012-01-01;2;18085;TECHNOS S.A.;Ações Ordinárias;;;;;Bolsa;BM&FBOVESPA;BM&FBOVESPA S.A. - Bolsa de Valores, Mercadorias e Futuros;2011-07-01;;Nível 1 de Governança Corporativa;2011-07-01;
09.346.601/0001-25;2012-01-01;2;18471;BM&F BOVESPA S/A - BOLSA DE VALORES, MERCADORIAS E FUTUROS;Ações Ordinárias;;;;;Bolsa;BM&FBOVESPA;BM&FBOVESPA S.A. - Bolsa de Valores, Mercadorias e Futuros;2008-08-20;;Nível 1 de Governança Corporativa;2008-08-20;
09.358.105/0001-91;2012-01-01;2;16656;CETIP S.A. - MERCADOS ORGANIZADOS;Ações Ordinárias;;;;;Bolsa;BM&FBOVESPA;BM&FBOVESPA S.A. - Bolsa de Valores, Mercadorias e Futuros;2009-10-28;;Nível 1 de Governança Corporativa;2009-10-27;
09.439.783/0001-89;2012-01-01;2;16806;ÁQUILLA SECURITIZADORA SA;Certificados de Recebíveis Imobiliários;;;;;Balcão Organizado;CETIP;CETIP;2010-02-11;;;2010-02-11;
09.538.973/0001-53;2012-01-01;5;22968;PDG COMPANHIA SECURITIZADORA;Certificados de Recebíveis Imobiliários;;;;;Balcão Organizado;CETIP;CETIP;2009-07-13;;;2009-07-13;
09.601.322/0001-60;2012-01-01;3;23389;CTX PARTICIPAÇÕES S/A;Debêntures;;;;;Balcão Organizado;CETIP;CETIP;2011-09-19;;;2011-09-19;
10.215.988/0001-60;2012-01-01;5;21458;Companhia de Locação das Américas;Ações Ordinárias;;;;;Balcão Não-Organizado;;;;;;2011-12-30;
10.215.988/0001-60;2012-01-01;5;21458;Companhia de Locação das Américas;Debêntures;;;;;Balcão Organizado;CETIP;CETIP;2011-12-30;;;2011-12-30;
10.338.320/0001-00;2012-01-01;4;19788;AFLUENTE TRANSMISSÃO DE ENERGIA ELETRICA S/A;Ações Ordinárias;;;;;Bolsa;BM&FBOVESPA;BM&FBOVESPA S.A. - Bolsa de Valores, Mercadorias e Futuros;2010-10-26;;Nível 2 de Governança Corporativa;2010-10-25;
10.345.009/0001-98;2012-01-01;4;18823;STEEL DO BRASIL PARTICIPAÇÕES S/A;Ações Ordinárias;;;;;Bolsa;BM&FBOVESPA;BM&FBOVESPA S.A. - Bolsa de Valores, Mercadorias e Futuros;2009-12-17;;Nível 2 de Governança Corporativa;2009-12-17;
10.531.501/0001-58;2012-01-01;9;22970;CONCESSIONARIA AUTO RAPOSO TAVARES S.A.;Debêntures;;;;;Balcão Organizado;CETIP;CETIP;2011-01-18;;;2011-01-18;
10.629.105/0001-68;2012-01-01;3;20176;HRT PARTICIPAÇÕES EM PETRÓLEO S.A.;Ações Ordinárias;;;;;Bolsa;BM&FBOVESPA;BM&FBOVESPA S.A. - Bolsa de Valores, Mercadorias e Futuros;2010-10-25;;Nível 1 de Governança Corporativa;2010-10-25;
10.647.979/0001-48;2012-01-01;2;17953;CONCESSIONÁRIA ROTA DAS BANDEIRAS S.A.;Debêntures;;;;;Bolsa;BM&FBOVESPA;BM&FBOVESPA S.A. - Bolsa de Valores, Mercadorias e Futuros;2010-07-30;;;2010-07-30;
10.647.979/0001-48;2012-01-01;2;17953;CONCESSIONÁRIA ROTA DAS BANDEIRAS S.A.;Debêntures;;;;;Balcão Organizado;CETIP;CETIP;2010-07-30;;;2010-07-30;
10.835.932/0001-08;2012-01-01;3;19780;CIA ENERGÉTICA DE PERNAMBUCO - CELPE;Ações Ordinárias;;;;;Bolsa;BM&FBOVESPA;BM&FBOVESPA S.A. - Bolsa de Valores, Mercadorias e Futuros;1994-04-29;;Nível 2 de Governança Corporativa;1994-04-29;
10.835.932/0001-08;2012-01-01;3;19780;CIA ENERGÉTICA DE PERNAMBUCO - CELPE;Debêntures;;;;;Balcão Organizado;CETIP;CETIP;2005-08-01;;;2005-08-01;
10.841.050/0001-55;2012-01-01;4;19454;CONC ROD AYRTON SENNA E CARV PINTO S.A;Debêntures;;;;;Balcão Organizado;CETIP;CETIP;2011-03-10;;;2011-03-10;
11.094.546/0001-75;2012-01-01;2;18065;MULTIPLUS SA;Ações Ordinárias;;;;;Bolsa;BM&FBOVESPA;BM&FBOVESPA S.A. - Bolsa de Valores, Mercadorias e Futuros;2010-02-05;;Nível 1 de Governança Corporativa;2010-02-05;
11.274.829/0001-07;2012-01-01;3;18528;COMPANHIA PAULISTA DE SECURITIZAÇÃO;Debêntures;;;;;Balcão Organizado;CETIP;CETIP;2012-04-26;;;2012-04-26;
11.395.624/0001-71;2012-01-01;3;17951;BRAZIL PHARMA S.A.;Ações Ordinárias;;;;;Bolsa;BM&FBOVESPA;BM&FBOVESPA S.A. - Bolsa de Valores, Mercadorias e Futuros;2011-06-27;;Nível 1 de Governança Corporativa;2011-06-27;
11.395.624/0001-71;2012-01-01;3;17951;BRAZIL PHARMA S.A.;Debêntures;;;;;Balcão Organizado;CETIP;CETIP;2012-04-02;;;2012-04-02;
11.423.623/0001-93;2012-01-01;4;21843;DUFRY AG;Certificados de Depósito de Valores Mobiliários;;;;;Bolsa;BM&FBOVESPA;BM&FBOVESPA S.A. - Bolsa de Valores, Mercadorias e Futuros;2010-04-07;;;2010-04-07;
11.566.501/0001-56;2012-01-01;2;17985;TEREOS INTERNACIONAL S/A;Ações Ordinárias;;;;;Bolsa;BM&FBOVESPA;BM&FBOVESPA S.A. - Bolsa de Valores, Mercadorias e Futuros;2011-08-13;;Nível 1 de Governança Corporativa;2011-08-13;
11.669.021/0001-10;2012-01-01;2;19020;QGEP PARTICIPAÇÕES SA;Ações Ordinárias;;;;;Bolsa;BM&FBOVESPA;BM&FBOVESPA S.A. - Bolsa de Valores, Mercadorias e Futuros;2011-02-09;;Nível 1 de Governança Corporativa;2011-02-09;
11.721.921/0001-60;2012-01-01;3;17923;BRASIL INSURANCE PARTICIPAÇÕES E ADMINISTRAÇÃO S/A;Ações Ordinárias;;;;;Bolsa;BM&FBOVESPA;BM&FBOVESPA S.A. - Bolsa de Valores, Mercadorias e Futuros;2010-10-29;;Nível 1 de Governança Corporativa;2010-10-29;
11.858.621/0001-27;2012-01-01;1;15599;MCM CIMENTOS S/A;Ações Ordinárias;;;;;Bolsa;BM&FBOVESPA;BM&FBOVESPA S.A. - Bolsa de Valores, Mercadorias e Futuros;2011-05-02;;Nível 2 de Governança Corporativa;2011-05-02;
12.049.631/0001-84;2012-01-01;2;18364;MOURA DUBEUX ENGENHARIA S/A;Debêntures;;;;;Balcão Organizado;CETIP;CETIP;2009-10-01;2009-10-01;;2009-10-01;2009-10-01
12.049.631/0001-84;2012-01-01;2;18364;MOURA DUBEUX ENGENHARIA S/A;Debêntures;;;;;Balcão Organizado;CETIP;CETIP;2010-10-27;2010-10-27;;2010-10-27;2010-10-27
12.049.631/0001-84;2012-01-01;2;18364;MOURA DUBEUX ENGENHARIA S/A;Debêntures;;;;;Balcão Organizado;CETIP;CETIP;2012-03-30;2012-03-30;;2012-03-30;2012-03-30
12.126.500/0001-53;2012-01-01;4;21393;REDENTOR ENERGIA S/A;Ações Ordinárias;;;;;Bolsa;BM&FBOVESPA;BM&FBOVESPA S.A. - Bolsa de Valores, Mercadorias e Futuros;2010-08-06;;Nível 1 de Governança Corporativa;2010-08-06;
12.489.315/0001-23;2012-01-01;1;21682;Ferreira Gomes Energia S.A.;Debêntures;;;;;Balcão Organizado;CETIP;CETIP;2011-11-30;;;2011-11-30;
12.592.746/0001-10;2012-01-01;5;21403;STEIN SP II PARTICIPAÇÕES S.A.;Ações Ordinárias;;;;;Balcão Organizado;BM&FBOVESPA;BM&FBOVESPA S.A. - Bolsa de Valores, Mercadorias e Futuros;2011-03-29;;;2011-03-29;
12.610.764/0001-88;2012-01-01;4;20864;BRASIL PLURAL SECURITIZADORA S.A.;Certificados de Recebíveis Imobiliários;;;;;Balcão Organizado;CETIP;CETIP;2011-09-10;;;2011-09-10;
13.009.717/0001-46;2012-01-01;3;19675;BANCO ESTADO SERGIPE SA;Ações Ordinárias;;;;;Bolsa;BM&FBOVESPA;BM&FBOVESPA S.A. - Bolsa de Valores, Mercadorias e Futuros;1977-07-20;;Nível 2 de Governança Corporativa;1977-07-20;
13.017.462/0001-63;2012-01-01;3;17972;ENERGISA SERGIPE - DISTRIBUIDORA DE ENERGIA S/A;Debêntures;;;;;Balcão Organizado;CETIP;CETIP;2007-11-08;;;2007-11-08;
13.324.184/0001-97;2012-01-01;4;20752;Vigor Alimentos S.A.;Ações Ordinárias;;;;;Bolsa;BM&FBOVESPA;BM&FBOVESPA S.A. - Bolsa de Valores, Mercadorias e Futuros;2012-06-22;;Nível 1 de Governança Corporativa;2012-06-22;
13.349.677/0001-81;2012-01-01;4;23155;REIT SECURITIZADORA DE RECEBÍVEIS IMOBILIÁRIOS S.A.;Certificados de Recebíveis Imobiliários;;;;;Balcão Organizado;CETIP;CETIP;2012-09-10;;;2012-09-10;
13.407.573/0001-86;2012-01-01;3;23052;Harpia Ômega Participações S.A.;Ações Ordinárias;;;;;Bolsa;BM&FBOVESPA;BM&FBOVESPA S.A. - Bolsa de Valores, Mercadorias e Futuros;2011-11-18;;Nível 2 de Governança Corporativa;2011-11-18;
13.444.994/0001-87;2012-01-01;2;17680;Manabi S.A.;Ações Ordinárias;;;;;Bolsa;BM&FBOVESPA;BM&FBOVESPA S.A. - Bolsa de Valores, Mercadorias e Futuros;2011-09-12;;Nível 2 de Governança Corporativa;2011-09-12;
13.788.120/0001-47;2012-01-01;4;21635;ELEKEIROZ S/A;Ações Ordinárias;;;;;Bolsa;BM&FBOVESPA;BM&FBOVESPA S.A. - Bolsa de Valores, Mercadorias e Futuros;1987-02-16;;Nível 2 de Governança Corporativa;1987-02-16;
14.388.520/0001-28;2012-01-01;5;21371;Pacific Rubiales Energy Corp.;Certificados de depósito de valores mobiliários;;;;;Bolsa;BM&FBOVESPA;BM&FBOVESPA S.A. - Bolsa de Valores, Mercadorias e Futuros;2012-02-02;;;2012-02-02;
15.073.274/0001-88;2012-01-01;4;20250;BTG Pactual Participations Ltd;Certificados de depósito de valores mobiliários;;;;;Bolsa;BM&FBOVESPA;BM&FBOVESPA S.A. - Bolsa de Valores, Mercadorias e Futuros;2012-04-26;;;2012-04-26;
15.115.504/0001-24;2012-01-01;6;19335;MILLENNIUM INORGANIC CHEMICALS DO BRASIL;Ações Ordinárias;;;;;Bolsa;BM&FBOVESPA;BM&FBOVESPA S.A. - Bolsa de Valores, Mercadorias e Futuros;1970-12-23;;Nível 2 de Governança Corporativa;1970-12-23;
15.139.629/0001-94;2012-01-01;3;19781;CIA ELETRICIDADE DA BAHIA;Ações Ordinárias;;;;;Balcão Organizado;BM&FBOVESPA;BM&FBOVESPA S.A. - Bolsa de Valores, Mercadorias e Futuros;1995-05-23;;;1994-07-28;
15.139.629/0001-94;2012-01-01;3;19781;CIA ELETRICIDADE DA BAHIA;Debêntures;;;;;Balcão Organizado;CETIP;CETIP;2004-01-27;;;2004-01-27;
15.144.017/0001-90;2012-01-01;2;19139;CIA SEGUROS ALIANCA BAHIA;Ações Ordinárias;;;;;Bolsa;BM&FBOVESPA;BM&FBOVESPA S.A. - Bolsa de Valores, Mercadorias e Futuros;1977-07-20;;Nível 2 de Governança Corporativa;1977-07-20;
16.234.171/0001-15;2012-01-01;2;18105;METANOR SA METANOL DO NE;Ações Ordinárias;;;;;Balcão Não-Organizado;;;;;;1974-12-26;
16.404.287/0001-55;2012-01-01;5;23104;SUZANO PAPEL E CELULOSE SA;Ações Ordinárias;;;;;Bolsa;BM&FBOVESPA;BM&FBOVESPA S.A. - Bolsa de Valores, Mercadorias e Futuros;2004-07-26;;Bovespa Mais;1992-04-15;
16.404.287/0001-55;2012-01-01;5;23104;SUZANO PAPEL E CELULOSE SA;Debêntures;;;;;Balcão Organizado;CETIP;CETIP;2004-07-22;;;2004-07-22;
16.590.234/0001-76;2012-01-01;3;18067;AREZZO INDÚSTRIA E COMERCIO S/A;Ações Ordinárias;;;;;Bolsa;BM&FBOVESPA;BM&FBOVESPA S.A. - Bolsa de Valores, Mercadorias e Futuros;2011-02-02;;Nível 1 de Governança Corporativa;2011-02-02;
16.614.075/0001-00;2012-01-01;3;18981;DIRECIONAL ENGENHARIA SA;Ações Ordinárias;;;;;Bolsa;BM&FBOVESPA;BM&FBOVESPA S.A. - Bolsa de Valores, Mercadorias e Futuros;2009-11-19;;Nível 1 de Governança Corporativa;2009-11-19;
16.670.085/0001-55;2012-01-01;3;22729;LOCALIZA RENT A CAR SA;Ações Ordinárias;;;;;Bolsa;BM&FBOVESPA;BM&FBOVESPA S.A. - Bolsa de Valores, Mercadorias e Futuros;2005-05-23;;Nível 1 de Governança Corporativa;2005-05-06;
16.670.085/0001-55;2012-01-01;3;22729;LOCALIZA RENT A CAR SA;Debêntures;;;;;Bolsa;BM&FBOVESPA;BM&FBOVESPA S.A. - Bolsa de Valores, Mercadorias e Futuros;2007-07-10;;;2007-07-02;
16.670.085/0001-55;2012-01-01;3;22729;LOCALIZA RENT A CAR SA;Debêntures;;;;;Balcão Organizado;CETIP;CETIP;2010-05-10;;;2010-05-05;
16.670.085/0001-55;2012-01-01;3;22729;LOCALIZA RENT A CAR SA;Nota Comercial;;;;;Balcão Organizado;CETIP;CETIP;2010-12-29;;;2010-12-29;
17.155.730/0001-64;2012-01-01;3;19646;CIA ENERG MINAS GERAIS - CEMIG;Ações Ordinárias;;;;;Bolsa;BM&FBOVESPA;BM&FBOVESPA S.A. - Bolsa de Valores, Mercadorias e Futuros;2001-10-01;;Bovespa Mais;1972-01-14;
17.161.241/0001-15;2012-01-01;2;17979;MINASMAQUINAS SA;Ações Ordinárias;;;;;Bolsa;BM&FBOVESPA;BM&FBOVESPA S.A. - Bolsa de Valores, Mercadorias e Futuros;1997-07-20;;Nível 2 de Governança Corporativa;1997-07-20;
17.162.082/0001-73;2012-01-01;3;20900;MENDES JUNIOR ENGENHARIA SA;Ações Ordinárias;;;;;Bolsa;BM&FBOVESPA;BM&FBOVESPA S.A. - Bolsa de Valores, Mercadorias e Futuros;1977-07-20;;Nível 2 de Governança Corporativa;1977-07-20;
17.162.082/0001-73;2012-01-01;3;20900;MENDES JUNIOR ENGENHARIA SA;Debêntures;;;;;Balcão Organizado;CETIP;CETIP;1977-07-20;;;1977-07-20;
17.167.396/0001-69;2012-01-01;4;19762;ALFA HOLDINGS SA;Ações Ordinárias;;;;;Bolsa;BM&FBOVESPA;BM&FBOVESPA S.A. - Bolsa de Valores, Mercadorias e Futuros;1977-07-20;;Nível 2 de Governança Corporativa;1977-07-20;
17.167.412/0001-13;2012-01-01;3;18117;FINANCEIRA ALFA S.A.- C.F.I;Ações Ordinárias;;;;;Bolsa;BM&FBOVESPA;BM&FBOVESPA S.A. - Bolsa de Valores, Mercadorias e Futuros;1977-07-20;;Nível 2 de Governança Corporativa;1977-07-20;
17.184.037/0001-10;2012-01-01;3;21115;BANCO MERCANTIL BRASIL SA;Ações Ordinárias;;;;;Bolsa;BM&FBOVESPA;BM&FBOVESPA S.A. - Bolsa de Valores, Mercadorias e Futuros;1998-04-07;;Nível 2 de Governança Corporativa;1998-04-07;
17.193.806/0001-46;2012-01-01;6;19760;CONSORCIO ALFA DE ADMINISTRAÇÃO SA;Ações Ordinárias;;;;;Bolsa;BM&FBOVESPA;BM&FBOVESPA S.A. - Bolsa de Valores, Mercadorias e Futuros;1977-07-20;;Nível 2 de Governança Corporativa;1977-07-20;
17.281.106/0001-03;2012-01-01;2;16609;COMPANHIA DE SANEAMENTO DE MINAS GERAIS;Ações Ordinárias;;;;;Bolsa;BM&FBOVESPA;BM&FBOVESPA S.A. - Bolsa de Valores, Mercadorias e Futuros;2006-02-08;;Nível 1 de Governança Corporativa;2006-02-08;
19.526.748/0001-50;2012-01-01;3;21083;COMPANHIA INDUSTRIAL CATAGUASES;Ações Ordinárias;;;;;Bolsa;BM&FBOVESPA;BM&FBOVESPA S.A. - Bolsa de Valores, Mercadorias e Futuros;1974-02-19;;Nível 2 de Governança Corporativa;1974-02-19;
19.527.639/0001-58;2012-01-01;3;17970;ENERGISA MINAS GERAIS - DISTRIBUIDORA DE ENERGIA S/A;Debêntures;;;;;Balcão Organizado;CETIP;CETIP;2009-12-15;;;2009-12-15;
21.255.567/0001-89;2012-01-01;2;18113;CIA TECIDOS SANTANENSE;Ações Ordinárias;;;;;Bolsa;BM&FBOVESPA;BM&FBOVESPA S.A. - Bolsa de Valores, Mercadorias e Futuros;1984-12-20;;Nível 2 de Governança Corporativa;1984-12-20;
22.266.175/0001-88;2012-01-01;2;18487;FERTILIZANTES HERINGER SA;Ações Ordinárias;;;;;Bolsa;BM&FBOVESPA;BM&FBOVESPA S.A. - Bolsa de Valores, Mercadorias e Futuros;2007-04-10;;Nível 1 de Governança Corporativa;2007-04-10;
22.677.520/0001-76;2012-01-01;3;18112;CIA TECIDOS NORTE DE MINAS - COTEMINAS;Ações Ordinárias;;;;;Bolsa;BM&FBOVESPA;BM&FBOVESPA S.A. - Bolsa de Valores, Mercadorias e Futuros;1971-02-11;;Nível 2 de Governança Corporativa;1971-02-11;
24.956.666/0001-86;2012-01-01;3;19409;CLARION S/A AGROINDUSTRIAL;Ações Ordinárias;;;;;Bolsa;BM&FBOVESPA;BM&FBOVESPA S.A. - Bolsa de Valores, Mercadorias e Futuros;2009-03-04;;Nível 2 de Governança Corporativa;2009-03-04;
25.329.319/0001-96;2012-01-01;2;18104;WEMBLEY SOCIEDADE ANÔNIMA;Ações Ordinárias;;;;;Bolsa;BM&FBOVESPA;BM&FBOVESPA S.A. - Bolsa de Valores, Mercadorias e Futuros;1973-10-08;;Nível 2 de Governança Corporativa;1973-10-08;
27.093.558/0001-15;2012-01-01;2;17908;MILLS ESTRUTURAS E SERVI?OS DE ENGENHARIA S/A;Ações Ordinárias;;;;;Bolsa;BM&FBOVESPA;BM&FBOVESPA S.A. - Bolsa de Valores, Mercadorias e Futuros;2010-04-16;;Nível 1 de Governança Corporativa;2010-04-16;
28.152.650/0001-71;2012-01-01;4;17237;ESPIRITO SANTO CENTRAIS ELETRICAS SA;Debêntures;;;;;Balcão Organizado;CETIP;CETIP;2006-06-01;;;2006-06-01;
28.195.667/0001-06;2012-01-01;3;16907;BANCO ABC BRASIL S/A;Ações Ordinárias;;;;;Bolsa;BM&FBOVESPA;BM&FBOVESPA S.A. - Bolsa de Valores, Mercadorias e Futuros;2007-07-23;;Bovespa Mais N2;2007-07-23;
29.780.061/0001-09;2012-01-01;3;19526;SÃO CARLOS EMPREENDS E PARTICIPAÇÕES S.A;Ações Ordinárias;;;;;Bolsa;BM&FBOVESPA;BM&FBOVESPA S.A. - Bolsa de Valores, Mercadorias e Futuros;2006-12-13;;Nível 1 de Governança Corporativa;1991-03-25;
29.950.060/0001-57;2012-01-01;2;23336;Nortec Química S.A;Ações Ordinárias;;;;;Bolsa;BM&FBOVESPA;BM&FBOVESPA S.A. - Bolsa de Valores, Mercadorias e Futuros;2012-11-23;;Nível 2 de Governança Corporativa;2012-11-23;
29.978.814/0001-87;2012-01-01;2;18618;SUL AMERICA S/A;Debêntures;;;;;Balcão Organizado;CETIP;CETIP;2012-02-17;;;2012-02-06;
29.978.814/0001-87;2012-01-01;2;18618;SUL AMERICA S/A;Certificados de Depósito de Valores Mobiliários;;;;;Bolsa;BM&FBOVESPA;BM&FBOVESPA S.A. - Bolsa de Valores, Mercadorias e Futuros;2007-10-05;;;2007-10-05;
30.306.294/0001-45;2012-01-01;6;20249;BANCO BTG PACTUAL S.A.;Certificados de Depósito de Valores Mobiliários;;;;;Bolsa;BM&FBOVESPA;BM&FBOVESPA S.A. - Bolsa de Valores, Mercadorias e Futuros;2012-04-26;;;2012-04-26;
30.540.991/0001-66;2012-01-01;5;19295;HAGA S.A. INDÚSTRIA E COMÉRCIO;Ações Ordinárias;;;;;Bolsa;BM&FBOVESPA;BM&FBOVESPA S.A. - Bolsa de Valores, Mercadorias e Futuros;1988-09-01;;Nível 2 de Governança Corporativa;1988-09-01;
32.681.371/0001-72;2012-01-01;4;19350;VIX LOGÍSTICA S/A;Debêntures;;;;;Balcão Organizado;CETIP;CETIP;2010-09-10;;;2010-09-10;
33.000.118/0001-79;2012-01-01;3;17072;TELEMAR NORTE LESTE SA;Ações Ordinárias;;;;;Bolsa;BM&FBOVESPA;BM&FBOVESPA S.A. - Bolsa de Valores, Mercadorias e Futuros;1988-06-01;;Nível 2 de Governança Corporativa;1988-06-01;
33.000.118/0001-79;2012-01-01;3;17072;TELEMAR NORTE LESTE SA;Debêntures;;;;;Balcão Organizado;CETIP;CETIP;2006-03-23;;;2006-03-22;
33.000.118/0001-79;2012-01-01;3;17072;TELEMAR NORTE LESTE SA;Certificados de Recebíveis Imobiliários;;;;;Balcão Organizado;CETIP;CETIP;2010-08-10;;;2010-08-10;
33.000.167/0001-01;2012-01-01;3;17188;PETRÓLEO BRASILEIRO S.A. - PETROBRAS;Ações Ordinárias;;;;;Bolsa;BM&FBOVESPA;BM&FBOVESPA S.A. - Bolsa de Valores, Mercadorias e Futuros;1968-08-27;;Nível 2 de Governança Corporativa;1968-08-27;
33.000.167/0001-01;2012-01-01;3;17188;PETRÓLEO BRASILEIRO S.A. - PETROBRAS;Debêntures;;;;;Bolsa;BM&FBOVESPA;BM&FBOVESPA S.A. - Bolsa de Valores, Mercadorias e Futuros;2002-08-01;;;2002-08-01;
33.009.911/0001-39;2012-01-01;5;18454;SOUZA CRUZ SA;Ações Ordinárias;;;;;Bolsa;BM&FBOVESPA;BM&FBOVESPA S.A. - Bolsa de Valores, Mercadorias e Futuros;1957-07-11;;Nível 2 de Governança Corporativa;1957-07-11;
33.014.556/0001-96;2012-01-01;2;18882;LOJAS AMERICANAS SA;Ações Ordinárias;;;;;Bolsa;BM&FBOVESPA;BM&FBOVESPA S.A. - Bolsa de Valores, Mercadorias e Futuros;1977-07-20;;Nível 2 de Governança Corporativa;1977-07-20;
33.014.556/0001-96;2012-01-01;2;18882;LOJAS AMERICANAS SA;Debêntures;;;;;Balcão Organizado;CETIP;CETIP;2004-02-02;;;2004-01-23;
33.014.556/0001-96;2012-01-01;2;18882;LOJAS AMERICANAS SA;Debêntures Conversíveis;;;;;Balcão Organizado;BM&FBOVESPA;BM&FBOVESPA S.A. - Bolsa de Valores, Mercadorias e Futuros;2011-09-15;;;2011-09-15;
33.035.536/0001-00;2012-01-01;3;18229;JOAO FORTES ENGENHARIA SA;Ações Ordinárias;;;;;Bolsa;BM&FBOVESPA;BM&FBOVESPA S.A. - Bolsa de Valores, Mercadorias e Futuros;1973-09-17;;Nível 2 de Governança Corporativa;1973-09-17;
33.040.601/0001-87;2012-01-01;3;19133;MERCANTIL DO BR FINC SA CFI;Ações Ordinárias;;;;;Bolsa;BM&FBOVESPA;BM&FBOVESPA S.A. - Bolsa de Valores, Mercadorias e Futuros;1998-04-07;;Nível 2 de Governança Corporativa;1998-04-07;
33.041.260/0652-90;2012-01-01;4;19700;VIA VAREJO SA;Ações Ordinárias;;;;;Bolsa;BM&FBOVESPA;BM&FBOVESPA S.A. - Bolsa de Valores, Mercadorias e Futuros;1981-11-24;;Nível 2 de Governança Corporativa;1981-11-24;
33.042.730/0001-04;2012-01-01;3;19042;CIA SIDERURGICA NACIONAL;Ações Ordinárias;;;;;Bolsa;BM&FBOVESPA;BM&FBOVESPA S.A. - Bolsa de Valores, Mercadorias e Futuros;1973-07-09;;Nível 2 de Governança Corporativa;1973-07-09;
33.042.730/0001-04;2012-01-01;3;19042;CIA SIDERURGICA NACIONAL;Debêntures;;;;;Balcão Organizado;CETIP;CETIP;2011-07-20;;;2011-07-20;
33.042.730/0001-04;2012-01-01;3;19042;CIA SIDERURGICA NACIONAL;Nota Comercial;;;;;Balcão Organizado;CETIP;CETIP;2012-03-30;;;2012-03-30;
33.050.071/0001-58;2012-01-01;5;21202;AMPLA ENERGIA E SERVIÇOS S.A.;Ações Ordinárias;;;;;Bolsa;BM&FBOVESPA;BM&FBOVESPA S.A. - Bolsa de Valores, Mercadorias e Futuros;1973-11-30;;Nível 2 de Governança Corporativa;1973-11-30;
33.050.196/0001-88;2012-01-01;3;17223;COMPANHIA PAULISTA DE FORCA LUZ - CPFL;Debêntures;;;;;Balcão Organizado;CETIP;CETIP;2001-05-22;;;2001-05-22;
33.102.476/0001-92;2012-01-01;1;18127;MONTEIRO ARANHA SA;Ações Ordinárias;;;;;Bolsa;BM&FBOVESPA;BM&FBOVESPA S.A. - Bolsa de Valores, Mercadorias e Futuros;1980-05-07;;Nível 2 de Governança Corporativa;1980-05-07;
33.111.246/0001-90;2012-01-01;3;21185;TECNOSOLO S/A;Ações Ordinárias;;;;;Bolsa;BM&FBOVESPA;BM&FBOVESPA S.A. - Bolsa de Valores, Mercadorias e Futuros;1977-07-20;;Nível 2 de Governança Corporativa;1977-07-20;
33.147.315/0001-15;2012-01-01;5;19153;BANCO BERJ S.A.;Ações Ordinárias;;;;;Balcão Não-Organizado;;;;;;1977-07-20;
33.200.049/0001-47;2012-01-01;2;17993;HOTEIS OTHON SA;Ações Ordinárias;;;;;Bolsa;BM&FBOVESPA;BM&FBOVESPA S.A. - Bolsa de Valores, Mercadorias e Futuros;1980-08-08;;Nível 2 de Governança Corporativa;1980-08-08;
33.200.049/0001-47;2012-01-01;2;17993;HOTEIS OTHON SA;Ações Ordinárias;;;;;Bolsa;BM&FBOVESPA;BM&FBOVESPA S.A. - Bolsa de Valores, Mercadorias e Futuros;1980-08-08;;Nível 2 de Governança Corporativa;1980-08-08;
33.200.049/0001-47;2012-01-01;2;17993;HOTEIS OTHON SA;Ações Ordinárias;;;;;Bolsa;BM&FBOVESPA;BM&FBOVESPA S.A. - Bolsa de Valores, Mercadorias e Futuros;1980-08-08;;Nível 2 de Governança Corporativa;1980-08-08;
33.200.049/0001-47;2012-01-01;2;17993;HOTEIS OTHON SA;Ações Ordinárias;;;;;Bolsa;BM&FBOVESPA;BM&FBOVESPA S.A. - Bolsa de Valores, Mercadorias e Futuros;1980-08-08;;Nível 2 de Governança Corporativa;1980-08-08;
33.200.049/0001-47;2012-01-01;2;17993;HOTEIS OTHON SA;Ações Ordinárias;;;;;Bolsa;BM&FBOVESPA;BM&FBOVESPA S.A. - Bolsa de Valores, Mercadorias e Futuros;1980-08-08;;Nível 2 de Governança Corporativa;1980-08-08;
33.200.049/0001-47;2012-01-01;2;17993;HOTEIS OTHON SA;Ações Ordinárias;;;;;Bolsa;BM&FBOVESPA;BM&FBOVESPA S.A. - Bolsa de Valores, Mercadorias e Futuros;1980-08-08;;Nível 2 de Governança Corporativa;1980-08-08;
33.228.024/0001-51;2012-01-01;2;16803;WLM INDÚSTRIA E COMÉRCIO S.A.;Ações Ordinárias;;;;;Bolsa;BM&FBOVESPA;BM&FBOVESPA S.A. - Bolsa de Valores, Mercadorias e Futuros;1971-01-07;;Nível 2 de Governança Corporativa;1971-01-07;
33.256.439/0001-39;2012-01-01;2;18416;ULTRAPAR PARTICIPAÇÕES SA;Debêntures;;;;;Balcão Organizado;CETIP;CETIP;2009-05-13;;;2009-05-13;
33.256.439/0001-39;2012-01-01;2;18416;ULTRAPAR PARTICIPAÇÕES SA;Ações Ordinárias;;;;;Bolsa;BM&FBOVESPA;BM&FBOVESPA S.A. - Bolsa de Valores, Mercadorias e Futuros;2011-08-17;;Nível 1 de Governança Corporativa;1999-10-06;
33.433.665/0001-48;2012-01-01;3;20444;DOCAS INVESTIMENTOS SA;Ações Ordinárias;;;;;Bolsa;BM&FBOVESPA;BM&FBOVESPA S.A. - Bolsa de Valores, Mercadorias e Futuros;1977-07-20;;Nível 2 de Governança Corporativa;1977-07-20;
33.541.368/0001-16;2012-01-01;3;23040;CIA HIDRO ELÉTRICA DO SÃO FRANCISCO;Ações Ordinárias;;;;;Balcão Não-Organizado;;;;;;1969-12-19;
33.592.510/0001-54;2012-01-01;3;20006;VALE S.A.;Ações Ordinárias;;;;;Bolsa;BM&FBOVESPA;BM&FBOVESPA S.A. - Bolsa de Valores, Mercadorias e Futuros;2003-12-12;;Bovespa Mais;1968-04-04;
33.592.510/0001-54;2012-01-01;3;20006;VALE S.A.;Debêntures;;;;;Balcão Organizado;CETIP;CETIP;2002-10-28;;;2002-10-28;
33.611.500/0001-19;2012-01-01;2;18363;GERDAU SA;Ações Ordinárias;;;;;Bolsa;BM&FBOVESPA;BM&FBOVESPA S.A. - Bolsa de Valores, Mercadorias e Futuros;2001-06-25;;Bovespa Mais;1980-09-03;
33.858.168/0001-91;2012-01-01;1;15781;HOTEIS E TURISMO GUANABARA SA;Ações Ordinárias;;;;;Bolsa;BM&FBOVESPA;BM&FBOVESPA S.A. - Bolsa de Valores, Mercadorias e Futuros;1968-07-17;;Nível 2 de Governança Corporativa;1968-07-17;
33.937.681/0001-78;2012-01-01;4;20700;LATAM Airlines Group S.A.;Certificados de depósito de valores mobiliários;;;;;Bolsa;BM&FBOVESPA;BM&FBOVESPA S.A. - Bolsa de Valores, Mercadorias e Futuros;2012-06-27;;;2012-02-27;
33.938.119/0001-69;2012-01-01;3;21385;CIA. DISTRIB. DE GÁS DO RIO DE JANEIRO;Ações Ordinárias;;;;;Bolsa;BM&FBOVESPA;BM&FBOVESPA S.A. - Bolsa de Valores, Mercadorias e Futuros;1997-11-17;;Nível 2 de Governança Corporativa;1997-11-17;
33.958.695/0001-78;2012-01-01;3;19154;UNIPAR PARTICIPAÇÕES S.A.;Ações Ordinárias;;;;;Bolsa;BM&FBOVESPA;BM&FBOVESPA S.A. - Bolsa de Valores, Mercadorias e Futuros;2012-06-04;;Nível 2 de Governança Corporativa;1971-12-08;
34.169.557/0001-72;2012-01-01;3;19131;BCO MERCANTIL INVS SA;Ações Ordinárias;;;;;Bolsa;BM&FBOVESPA;BM&FBOVESPA S.A. - Bolsa de Valores, Mercadorias e Futuros;1998-04-07;;Nível 2 de Governança Corporativa;1998-04-07;
42.278.291/0001-24;2012-01-01;2;17499;LOG-IN LOGISTICA INTERMODAL SA;Ações Ordinárias;;;;;Bolsa;BM&FBOVESPA;BM&FBOVESPA S.A. - Bolsa de Valores, Mercadorias e Futuros;2007-06-21;;Nível 1 de Governança Corporativa;2007-06-21;
42.331.462/0001-31;2012-01-01;2;19105;BATTISTELLA ADM E PARTICIPAÇÕES S A;Ações Ordinárias;;;;;Bolsa;BM&FBOVESPA;BM&FBOVESPA S.A. - Bolsa de Valores, Mercadorias e Futuros;1996-03-18;;Nível 2 de Governança Corporativa;1996-03-14;
43.425.008/0001-02;2012-01-01;3;18134;BFB LEASING S.A. ARRENDAMENTO MERCANTIL;Debêntures;;;;;Bolsa;BM&FBOVESPA;BM&FBOVESPA S.A. - Bolsa de Valores, Mercadorias e Futuros;1992-12-01;;;1992-12-01;
43.470.988/0001-65;2012-01-01;3;18559;EVEN CONSTRUTORA E INCORPORADORA S/A;Ações Ordinárias;;;;;Bolsa;BM&FBOVESPA;BM&FBOVESPA S.A. - Bolsa de Valores, Mercadorias e Futuros;2007-04-02;;Nível 1 de Governança Corporativa;2007-04-02;
43.470.988/0001-65;2012-01-01;3;18559;EVEN CONSTRUTORA E INCORPORADORA S/A;Debêntures;;;;;Balcão Organizado;CETIP;CETIP;2008-02-07;;;2008-02-07;
44.689.123/0001-57;2012-01-01;2;18377;COSTA PINTO SA;Ações Ordinárias;;;;;Bolsa;BM&FBOVESPA;BM&FBOVESPA S.A. - Bolsa de Valores, Mercadorias e Futuros;1985-01-16;;Nível 2 de Governança Corporativa;1985-01-16;
45.453.214/0001-51;2012-01-01;2;16740;PROFARMA DISTRIB. PRODUTOS FARMACEUTICOS;Ações Ordinárias;;;;;Bolsa;BM&FBOVESPA;BM&FBOVESPA S.A. - Bolsa de Valores, Mercadorias e Futuros;2006-10-26;;Nível 1 de Governança Corporativa;2006-10-26;
45.987.245/0001-92;2012-01-01;2;22052;BAHEMA SA;Ações Ordinárias;;;;;Bolsa;BM&FBOVESPA;BM&FBOVESPA S.A. - Bolsa de Valores, Mercadorias e Futuros;1977-10-21;;Nível 2 de Governança Corporativa;1977-10-21;
46.014.635/0001-49;2012-01-01;4;21136;CONST LIX DA CUNHA SA;Ações Ordinárias;;;;;Bolsa;BM&FBOVESPA;BM&FBOVESPA S.A. - Bolsa de Valores, Mercadorias e Futuros;1977-07-20;;Nível 2 de Governança Corporativa;1977-07-20;
47.193.149/0001-06;2012-01-01;5;19369;SANTANDER LEASING S.A. ARRENDAMENTO MERCANTIL;Debêntures;;;;;Balcão Organizado;CETIP;CETIP;2007-09-01;2017-09-01;;2007-09-01;
47.193.149/0001-06;2012-01-01;5;19369;SANTANDER LEASING S.A. ARRENDAMENTO MERCANTIL;Debêntures;;;;;Balcão Organizado;CETIP;CETIP;2007-09-01;2017-09-01;;2007-09-01;
47.509.120/0001-82;2012-01-01;4;22075;BRADESCO LEASING S.A. - ARRENDAMENTO MERCANTIL;Debêntures;;;;;Balcão Organizado;CETIP;CETIP;2004-11-24;;;2004-11-24;
47.960.950/0001-21;2012-01-01;3;19150;MAGAZINE LUIZA S.A;Ações Ordinárias;;;;;Bolsa;BM&FBOVESPA;BM&FBOVESPA S.A. - Bolsa de Valores, Mercadorias e Futuros;2011-05-02;;Nível 1 de Governança Corporativa;2011-05-02;
49.263.189/0001-02;2012-01-01;3;17788;HELBOR EMPREENDIMENTOS S/A;Ações Ordinárias;;;;;Bolsa;BM&FBOVESPA;BM&FBOVESPA S.A. - Bolsa de Valores, Mercadorias e Futuros;2007-10-29;;Nível 1 de Governança Corporativa;2007-10-29;
49.669.856/0001-43;2012-01-01;5;20385;RESTOQUE COMÉRCIO E CONFECÇÕES DE ROUPAS S.A.;Ações Ordinárias;;;;;Bolsa;BM&FBOVESPA;BM&FBOVESPA S.A. - Bolsa de Valores, Mercadorias e Futuros;2008-04-29;;Nível 1 de Governança Corporativa;2008-04-28;
49.669.856/0001-43;2012-01-01;5;20385;RESTOQUE COMÉRCIO E CONFECÇÕES DE ROUPAS S.A.;Debêntures;;;;;Balcão Organizado;CETIP;CETIP;2012-01-11;2012-01-30;;2012-01-11;2012-01-30
50.746.577/0001-15;2012-01-01;3;19935;COSAN SA INDUSTRIA E COMERCIO;Ações Ordinárias;;;;;Bolsa;BM&FBOVESPA;BM&FBOVESPA S.A. - Bolsa de Valores, Mercadorias e Futuros;2005-11-17;;Nível 1 de Governança Corporativa;2005-10-26;
50.926.955/0001-42;2012-01-01;6;21689;Vulcabras|azaleia S.A.;Ações Ordinárias;;;;;Bolsa;BM&FBOVESPA;BM&FBOVESPA S.A. - Bolsa de Valores, Mercadorias e Futuros;1977-07-20;;Nível 2 de Governança Corporativa;1977-07-20;
51.128.999/0001-90;2012-01-01;4;19585;NUTRIPLANT INDUSTRIA E COMÉRCIO S/A;Ações Ordinárias;;;;;Balcão Organizado;BM&FBOVESPA;BM&FBOVESPA S.A. - Bolsa de Valores, Mercadorias e Futuros;2008-02-12;;;2008-02-12;
51.218.147/0001-93;2012-01-01;4;23400;IGUATEMI EMPRESA DE SHOPPING CENTERS S/A;Ações Ordinárias;;;;;Bolsa;BM&FBOVESPA;BM&FBOVESPA S.A. - Bolsa de Valores, Mercadorias e Futuros;2007-02-07;;Nível 1 de Governança Corporativa;2007-02-07;
51.928.174/0001-50;2012-01-01;2;16623;PLASCAR PARTICIPAÇÕES INDUSTRIAIS S.A;Ações Ordinárias;;;;;Bolsa;BM&FBOVESPA;BM&FBOVESPA S.A. - Bolsa de Valores, Mercadorias e Futuros;1989-04-19;;Nível 2 de Governança Corporativa;1989-04-19;
51.928.174/0001-50;2012-01-01;2;16623;PLASCAR PARTICIPAÇÕES INDUSTRIAIS S.A;Debêntures Conversíveis;;;;;Balcão Não-Organizado;;;;;;2010-04-09;
52.548.435/0001-79;2012-01-01;3;18016;JSL S.A.;Ações Ordinárias;;;;;Bolsa;BM&FBOVESPA;BM&FBOVESPA S.A. - Bolsa de Valores, Mercadorias e Futuros;2010-04-22;;Nível 1 de Governança Corporativa;2010-04-22;
52.736.840/0001-10;2012-01-01;3;21187;CERAMICA CHIARELLI SA;Ações Ordinárias;;;;;Bolsa;BM&FBOVESPA;BM&FBOVESPA S.A. - Bolsa de Valores, Mercadorias e Futuros;1973-04-03;;Nível 2 de Governança Corporativa;1973-04-03;
53.790.218/0001-53;2012-01-01;3;20711;LA FONTE TELECOM S/A;Ações Ordinárias;;;;;Bolsa;BM&FBOVESPA;BM&FBOVESPA S.A. - Bolsa de Valores, Mercadorias e Futuros;1985-01-04;;Nível 2 de Governança Corporativa;1985-01-04;
54.526.082/0001-31;2012-01-01;5;22917;ITAUTEC S.A. - GRUPO ITAUTEC;Ações Ordinárias;;;;;Bolsa;BM&FBOVESPA;BM&FBOVESPA S.A. - Bolsa de Valores, Mercadorias e Futuros;1985-11-14;;Nível 2 de Governança Corporativa;1985-11-14;
56.444.250/0001-75;2012-01-01;2;16890;HAUSCENTER SA;Debêntures;;;;;Balcão Não-Organizado;;;;;;1995-05-02;
56.643.018/0001-66;2012-01-01;2;21939;EUCATEX SA IND E COMERCIO;Ações Ordinárias;;;;;Bolsa;BM&FBOVESPA;BM&FBOVESPA S.A. - Bolsa de Valores, Mercadorias e Futuros;2012-07-01;;Bovespa Mais;2012-07-01;
56.720.428/0001-63;2012-01-01;6;19433;INDÚSTRIAS ROMI S.A.;Ações Ordinárias;;;;;Bolsa;BM&FBOVESPA;BM&FBOVESPA S.A. - Bolsa de Valores, Mercadorias e Futuros;2007-03-23;;Nível 1 de Governança Corporativa;1971-12-23;
56.806.656/0001-50;2012-01-01;3;19474;M&G POLIÉSTER SA;Ações Ordinárias;;;;;Bolsa;BM&FBOVESPA;BM&FBOVESPA S.A. - Bolsa de Valores, Mercadorias e Futuros;1994-09-08;;Nível 2 de Governança Corporativa;1994-09-08;
56.992.423/0001-90;2012-01-01;2;17085;BICICLETAS MONARK SA;Ações Ordinárias;;;;;Bolsa;BM&FBOVESPA;BM&FBOVESPA S.A. - Bolsa de Valores, Mercadorias e Futuros;1973-11-28;;Nível 2 de Governança Corporativa;1973-11-28;
56.994.924/0001-05;2012-01-01;4;21527;PRÓ METALURGIA SA;Ações Ordinárias;;;;;Bolsa;BM&FBOVESPA;BM&FBOVESPA S.A. - Bolsa de Valores, Mercadorias e Futuros;2008-08-29;;Nível 2 de Governança Corporativa;2008-08-29;
56.994.924/0001-05;2012-01-01;4;21527;PRÓ METALURGIA SA;Debêntures Conversíveis;;;;;Bolsa;BM&FBOVESPA;BM&FBOVESPA S.A. - Bolsa de Valores, Mercadorias e Futuros;2008-08-29;;;2008-08-29;
58.119.199/0001-51;2012-01-01;2;16776;ODONTOPREV S/A;Ações Ordinárias;;;;;Bolsa;BM&FBOVESPA;BM&FBOVESPA S.A. - Bolsa de Valores, Mercadorias e Futuros;2006-12-01;;Nível 1 de Governança Corporativa;2006-12-01;
58.877.812/0001-08;2012-01-01;3;19039;BROOKFIELD SÃO PAULO EMPREENDIMENTOS IMOBILIÁRIOS S.A.;Debêntures;;;;;Bolsa;BM&FBOVESPA;BM&FBOVESPA S.A. - Bolsa de Valores, Mercadorias e Futuros;2006-02-24;;;2001-09-03;
59.104.513/0001-95;2012-01-01;2;19407;Autometal S.A.;Ações Ordinárias;;;;;Bolsa;BM&FBOVESPA;BM&FBOVESPA S.A. - Bolsa de Valores, Mercadorias e Futuros;2011-02-07;;Nível 1 de Governança Corporativa;2011-02-07;
59.105.999/0001-86;2012-01-01;4;21944;WHIRLPOOL S.A;Ações Ordinárias;;;;;Bolsa;BM&FBOVESPA;BM&FBOVESPA S.A. - Bolsa de Valores, Mercadorias e Futuros;1994-04-26;;Nível 2 de Governança Corporativa;1994-04-26;
59.285.411/0001-13;2012-01-01;2;18969;BANCO PANAMERICANO SA;Ações Ordinárias;;;;;Bolsa;BM&FBOVESPA;BM&FBOVESPA S.A. - Bolsa de Valores, Mercadorias e Futuros;2007-11-14;;Bovespa Mais;2007-11-14;
59.789.545/0001-71;2012-01-01;2;18535;POLPAR S.A.;Ações Ordinárias;;;;;Bolsa;BM&FBOVESPA;BM&FBOVESPA S.A. - Bolsa de Valores, Mercadorias e Futuros;1989-05-31;;Nível 2 de Governança Corporativa;1989-05-31;
60.398.369/0004-79;2012-01-01;3;16682;PARANAPANEMA SA;Ações Ordinárias;;;;;Bolsa;BM&FBOVESPA;BM&FBOVESPA S.A. - Bolsa de Valores, Mercadorias e Futuros;2012-02-15;;Nível 1 de Governança Corporativa;1977-07-20;
60.444.437/0001-46;2012-01-01;3;20467;LIGHT SERVIÇOS DE ELETRICIDADE SA;Debêntures;;;;;Balcão Organizado;CETIP;CETIP;1998-03-19;;;1998-03-19;
60.476.884/0001-87;2012-01-01;3;17018;MAHLE METAL LEVE S.A.;Ações Ordinárias;;;;;Bolsa;BM&FBOVESPA;BM&FBOVESPA S.A. - Bolsa de Valores, Mercadorias e Futuros;1980-09-17;;Nível 2 de Governança Corporativa;1977-07-20;
60.500.139/0001-26;2012-01-01;3;17673;SARAIVA SA LIVREIROS EDITORES;Ações Ordinárias;;;;;Bolsa;BM&FBOVESPA;BM&FBOVESPA S.A. - Bolsa de Valores, Mercadorias e Futuros;2006-04-12;;Bovespa Mais N2;1972-03-14;
60.543.816/0001-93;2012-01-01;3;20714;JEREISSATI PARTICIPAÇÕES S/A;Ações Ordinárias;;;;;Bolsa;BM&FBOVESPA;BM&FBOVESPA S.A. - Bolsa de Valores, Mercadorias e Futuros;1946-03-12;;Nível 2 de Governança Corporativa;1946-03-12;
60.637.238/0001-54;2012-01-01;2;18533;INDS J B DUARTE SA;Ações Ordinárias;;;;;Bolsa;BM&FBOVESPA;BM&FBOVESPA S.A. - Bolsa de Valores, Mercadorias e Futuros;1985-05-28;;Nível 2 de Governança Corporativa;1985-05-28;
60.643.228/0001-21;2012-01-01;3;18139;FIBRIA CELULOSE S.A.;Ações Ordinárias;;;;;Bolsa;BM&FBOVESPA;BM&FBOVESPA S.A. - Bolsa de Valores, Mercadorias e Futuros;2010-05-20;;Nível 1 de Governança Corporativa;1986-06-02;
60.651.809/0001-05;2012-01-01;2;18551;SUZANO HOLDING S.A. (EX-NEMOFEFFER S.A.);Ações Ordinárias;;;;;Bolsa;BM&FBOVESPA;BM&FBOVESPA S.A. - Bolsa de Valores, Mercadorias e Futuros;1982-12-22;;Nível 2 de Governança Corporativa;1982-12-22;
60.746.948/0001-12;2012-01-01;2;18378;BANCO BRADESCO SA;Ações Ordinárias;;;;;Bolsa;BM&FBOVESPA;BM&FBOVESPA S.A. - Bolsa de Valores, Mercadorias e Futuros;2001-06-26;;Bovespa Mais;1946-11-26;
60.770.336/0001-65;2012-01-01;2;18115;BANCO ALFA DE INVESTIMENTO SA;Ações Ordinárias;;;;;Bolsa;BM&FBOVESPA;BM&FBOVESPA S.A. - Bolsa de Valores, Mercadorias e Futuros;1977-07-20;;Nível 2 de Governança Corporativa;1977-07-20;
60.840.055/0001-31;2012-01-01;5;22166;FLEURY SA;Ações Ordinárias;;;;;Bolsa;BM&FBOVESPA;BM&FBOVESPA S.A. - Bolsa de Valores, Mercadorias e Futuros;2009-12-17;;Nível 1 de Governança Corporativa;2009-12-17;
60.840.055/0001-31;2012-01-01;5;22166;FLEURY SA;Debêntures;;;;;Balcão Organizado;CETIP;CETIP;2011-12-21;;;2011-12-21;
60.851.615/0001-53;2012-01-01;4;21097;BARDELLA SA INDS MECANICAS;Ações Ordinárias;;;;;Bolsa;BM&FBOVESPA;BM&FBOVESPA S.A. - Bolsa de Valores, Mercadorias e Futuros;1969-11-26;;Nível 2 de Governança Corporativa;1969-11-26;
60.872.504/0001-23;2012-01-01;3;22897;ITAÚ UNIBANCO HOLDING S.A.;Ações Ordinárias;;;;;Bolsa;BM&FBOVESPA;BM&FBOVESPA S.A. - Bolsa de Valores, Mercadorias e Futuros;2001-06-22;;Bovespa Mais;1944-10-20;
60.882.628/0001-90;2012-01-01;2;16485;CONFAB INDUSTRIAL SA;Ações Ordinárias;;;;;Bolsa;BM&FBOVESPA;BM&FBOVESPA S.A. - Bolsa de Valores, Mercadorias e Futuros;2005-01-01;;Bovespa Mais;1980-08-21;
60.894.730/0001-05;2012-01-01;2;18267;USINAS SIDERURGICAS DE MINAS GERAIS SA;Ações Ordinárias;;;;;Bolsa;BM&FBOVESPA;BM&FBOVESPA S.A. - Bolsa de Valores, Mercadorias e Futuros;2007-10-11;;Bovespa Mais;1994-04-11;
60.894.730/0001-05;2012-01-01;2;18267;USINAS SIDERURGICAS DE MINAS GERAIS SA;Debêntures;;;;;Balcão Organizado;CETIP;CETIP;1998-10-31;;;1998-10-31;
60.933.603/0001-78;2012-01-01;7;23354;CESP - COMPANHIA ENERGÉTICA DE SÃO PAULO;Ações Ordinárias;;;;;Bolsa;BM&FBOVESPA;BM&FBOVESPA S.A. - Bolsa de Valores, Mercadorias e Futuros;2006-07-28;;Bovespa Mais;1971-09-27;
61.024.352/0001-71;2012-01-01;5;22993;BANCO INDUSVAL SA;Ações Ordinárias;;;;;Bolsa;BM&FBOVESPA;BM&FBOVESPA S.A. - Bolsa de Valores, Mercadorias e Futuros;2012-03-01;;Bovespa Mais N2;2007-07-12;
61.065.298/0001-02;2012-01-01;5;17056;MANGELS INDUSTRIAL SA;Ações Ordinárias;;;;;Bolsa;BM&FBOVESPA;BM&FBOVESPA S.A. - Bolsa de Valores, Mercadorias e Futuros;2003-03-21;;Bovespa Mais;1971-12-28;
61.065.751/0001-80;2012-01-01;3;18406;ROSSI RESIDENCIAL SA;Ações Ordinárias;;;;;Bolsa;BM&FBOVESPA;BM&FBOVESPA S.A. - Bolsa de Valores, Mercadorias e Futuros;1997-07-22;;Nível 1 de Governança Corporativa;1997-07-22;
61.065.751/0001-80;2012-01-01;3;18406;ROSSI RESIDENCIAL SA;Debêntures;;;;;Balcão Organizado;CETIP;CETIP;2007-07-25;;;2007-04-25;
61.067.161/0001-97;2012-01-01;4;22271;NADIR FIGUEIREDO IND E COM SA;Ações Ordinárias;;;;;Bolsa;BM&FBOVESPA;BM&FBOVESPA S.A. - Bolsa de Valores, Mercadorias e Futuros;1971-05-18;;Nível 2 de Governança Corporativa;1971-05-18;
61.079.117/0001-05;2012-01-01;4;19068;ALPARGATAS SA;Ações Ordinárias;;;;;Bolsa;BM&FBOVESPA;BM&FBOVESPA S.A. - Bolsa de Valores, Mercadorias e Futuros;2003-07-01;;Bovespa Mais;1977-07-20;
61.082.004/0001-50;2012-01-01;2;19063;MANUFATURA DE BRINQUEDOS ESTRELA SA;Ações Ordinárias;;;;;Bolsa;BM&FBOVESPA;BM&FBOVESPA S.A. - Bolsa de Valores, Mercadorias e Futuros;1992-06-22;;Bovespa Mais;1992-06-22;
61.084.984/0001-20;2012-01-01;3;19904;BRASMOTOR SA;Ações Ordinárias;;;;;Bolsa;BM&FBOVESPA;BM&FBOVESPA S.A. - Bolsa de Valores, Mercadorias e Futuros;1975-12-05;;Nível 2 de Governança Corporativa;1975-12-05;
61.088.894/0001-08;2012-01-01;2;16251;CAMBUCI SA;Ações Ordinárias;;;;;Bolsa;BM&FBOVESPA;BM&FBOVESPA S.A. - Bolsa de Valores, Mercadorias e Futuros;1985-01-05;;Nível 2 de Governança Corporativa;1985-01-05;
61.092.037/0001-81;2012-01-01;3;18615;ETERNIT SA;Ações Ordinárias;;;;;Bolsa;BM&FBOVESPA;BM&FBOVESPA S.A. - Bolsa de Valores, Mercadorias e Futuros;2006-08-17;;Nível 1 de Governança Corporativa;1948-11-25;
61.156.113/0001-75;2012-01-01;4;20481;IOCHPE-MAXION SA;Ações Ordinárias;;;;;Bolsa;BM&FBOVESPA;BM&FBOVESPA S.A. - Bolsa de Valores, Mercadorias e Futuros;2008-03-24;;Nível 1 de Governança Corporativa;1984-07-17;
61.189.288/0001-89;2012-01-01;1;14831;MARISA LOJAS SA;Ações Ordinárias;;;;;Bolsa;BM&FBOVESPA;BM&FBOVESPA S.A. - Bolsa de Valores, Mercadorias e Futuros;2010-06-28;;Nível 1 de Governança Corporativa;2010-06-28;
61.189.288/0001-89;2012-01-01;1;14831;MARISA LOJAS SA;Debêntures;;;;;Balcão Organizado;CETIP;CETIP;2011-06-21;;;2011-06-21;
61.192.373/0001-04;2012-01-01;1;19514;CONSTRUTORA BETER SA;Ações Ordinárias;;;;;Balcão Organizado;BM&FBOVESPA;BM&FBOVESPA S.A. - Bolsa de Valores, Mercadorias e Futuros;2010-01-01;;;2010-01-01;
61.351.532/0001-68;2012-01-01;3;16871;AZEVEDO & TRAVASSOS SA;Ações Ordinárias;;;;;Bolsa;BM&FBOVESPA;BM&FBOVESPA S.A. - Bolsa de Valores, Mercadorias e Futuros;1984-08-20;;Nível 2 de Governança Corporativa;1984-08-20;
61.410.395/0001-95;2012-01-01;3;17670;FIBAM CIA INDUSTRIAL;Ações Ordinárias;;;;;Bolsa;BM&FBOVESPA;BM&FBOVESPA S.A. - Bolsa de Valores, Mercadorias e Futuros;1955-02-25;;Nível 2 de Governança Corporativa;1955-02-25;
61.486.650/0001-83;2012-01-01;5;22082;DIAGNOSTICOS DA AMERICA SA;Debêntures;;;;;Balcão Organizado;CETIP;CETIP;2012-10-25;;;2012-10-25;
61.584.140/0001-49;2012-01-01;7;23435;REDE ENERGIA S.A. - Em Recuperação Judicial;Ações Ordinárias;;;;;Bolsa;BM&FBOVESPA;BM&FBOVESPA S.A. - Bolsa de Valores, Mercadorias e Futuros;1998-04-07;;Nível 2 de Governança Corporativa;1998-04-07;
61.584.140/0001-49;2012-01-01;7;23435;REDE ENERGIA S.A. - Em Recuperação Judicial;Debêntures;;;;;Balcão Organizado;CETIP;CETIP;2009-12-23;;;2009-12-23;
61.585.865/0001-51;2012-01-01;5;23086;RAIA DROGASIL SA;Ações Ordinárias;;;;;Bolsa;BM&FBOVESPA;BM&FBOVESPA S.A. - Bolsa de Valores, Mercadorias e Futuros;2007-07-03;;Nível 1 de Governança Corporativa;2007-07-03;
61.695.227/0001-93;2012-01-01;4;20952;ELETROPAULO METROPOLITANA EL.S.PAULO S.A;Ações Ordinárias;;;;;Bolsa;BM&FBOVESPA;BM&FBOVESPA S.A. - Bolsa de Valores, Mercadorias e Futuros;2003-12-14;;Bovespa Mais N2;1994-12-29;
61.695.227/0001-93;2012-01-01;4;20952;ELETROPAULO METROPOLITANA EL.S.PAULO S.A;Ações Ordinárias;;;;;Bolsa;BM&FBOVESPA;BM&FBOVESPA S.A. - Bolsa de Valores, Mercadorias e Futuros;2002-11-06;;Nível 2 de Governança Corporativa;2002-11-06;
61.695.227/0001-93;2012-01-01;4;20952;ELETROPAULO METROPOLITANA EL.S.PAULO S.A;Debêntures;;;;;Balcão Organizado;BM&FBOVESPA;BM&FBOVESPA S.A. - Bolsa de Valores, Mercadorias e Futuros;2007-10-22;;;2007-10-22;
61.695.227/0001-93;2012-01-01;4;20952;ELETROPAULO METROPOLITANA EL.S.PAULO S.A;Debêntures;;;;;Balcão Organizado;CETIP;CETIP;2005-12-23;;;2005-12-23;
61.784.278/0001-91;2012-01-01;1;23127;Companhia de Crédito Financiamento e Investimento RCI Brasil;Letras Financeiras;;;;;Balcão Organizado;CETIP;CETIP;2011-07-27;;;2011-07-27;
62.002.886/0001-60;2012-01-01;4;19509;SÃO PAULO TURISMO S. A.;Ações Ordinárias;;;;;Bolsa;BM&FBOVESPA;BM&FBOVESPA S.A. - Bolsa de Valores, Mercadorias e Futuros;1977-10-20;;Nível 2 de Governança Corporativa;1977-10-20;
62.136.254/0001-99;2012-01-01;5;21334;BANCO CRUZEIRO DO SUL SA;Ações Ordinárias;;;;;Bolsa;BM&FBOVESPA;BM&FBOVESPA S.A. - Bolsa de Valores, Mercadorias e Futuros;2007-06-13;2012-09-13;Bovespa Mais;2007-06-13;2012-09-13
62.144.175/0001-20;2012-01-01;8;21617;BANCO PINE S/A;Ações Ordinárias;;;;;Bolsa;BM&FBOVESPA;BM&FBOVESPA S.A. - Bolsa de Valores, Mercadorias e Futuros;2012-03-30;;Bovespa Mais N2;2007-04-02;
62.144.175/0001-20;2012-01-01;8;21617;BANCO PINE S/A;Letras Financeiras;;;;;Balcão Organizado;CETIP;CETIP;2012-04-13;;;2012-04-13;
62.232.889/0001-90;2012-01-01;5;19228;BANCO DAYCOVAL S.A.;Ações Ordinárias;;;;;Bolsa;BM&FBOVESPA;BM&FBOVESPA S.A. - Bolsa de Valores, Mercadorias e Futuros;2007-06-28;;Bovespa Mais;2007-06-27;
62.232.889/0001-90;2012-01-01;5;19228;BANCO DAYCOVAL S.A.;Bônus de Subscrição;;;;;Bolsa;BM&FBOVESPA;BM&FBOVESPA S.A. - Bolsa de Valores, Mercadorias e Futuros;2011-04-04;;;2011-04-04;
62.232.889/0001-90;2012-01-01;5;19228;BANCO DAYCOVAL S.A.;Letras Financeiras;;;;;Balcão Organizado;CETIP;CETIP;2011-10-17;;;2011-10-17;
65.654.303/0001-73;2012-01-01;4;22896;DIBENS LEASING S.A.- ARREND. MERCANTIL;Debêntures;;;;;Bolsa;BM&FBOVESPA;BM&FBOVESPA S.A. - Bolsa de Valores, Mercadorias e Futuros;1993-09-28;;;1993-09-28;
67.010.660/0001-24;2012-01-01;4;23100;RODOBENS NEGOCIOS IMOBILIARIOS SA;Ações Ordinárias;;;;;Bolsa;BM&FBOVESPA;BM&FBOVESPA S.A. - Bolsa de Valores, Mercadorias e Futuros;2007-07-31;;Nível 1 de Governança Corporativa;2007-01-31;
67.010.660/0001-24;2012-01-01;4;23100;RODOBENS NEGOCIOS IMOBILIARIOS SA;Ações Ordinárias;;;;;Bolsa;BM&FBOVESPA;BM&FBOVESPA S.A. - Bolsa de Valores, Mercadorias e Futuros;2007-07-31;;Nível 1 de Governança Corporativa;2007-01-31;
67.010.660/0001-24;2012-01-01;4;23100;RODOBENS NEGOCIOS IMOBILIARIOS SA;Ações Ordinárias;;;;;Bolsa;BM&FBOVESPA;BM&FBOVESPA S.A. - Bolsa de Valores, Mercadorias e Futuros;2007-07-31;;Nível 1 de Governança Corporativa;2007-01-31;
67.203.208/0001-89;2012-01-01;4;18444;CAMARGO CORREA DESENVOLVIMENTO IMOBILIARIO SA;Ações Ordinárias;;;;;Bolsa;BM&FBOVESPA;BM&FBOVESPA S.A. - Bolsa de Valores, Mercadorias e Futuros;2007-01-31;;Nível 1 de Governança Corporativa;2007-01-31;
67.571.414/0001-41;2012-01-01;4;21346;VIVER INCORPORADORA E CONSTRUTORA S.A.;Ações Ordinárias;;;;;Bolsa;BM&FBOVESPA;BM&FBOVESPA S.A. - Bolsa de Valores, Mercadorias e Futuros;2007-06-05;;Nível 1 de Governança Corporativa;2007-06-05;
67.620.377/0001-14;2012-01-01;6;21961;MINERVA S/A;Ações Ordinárias;;;;;Bolsa;BM&FBOVESPA;BM&FBOVESPA S.A. - Bolsa de Valores, Mercadorias e Futuros;2007-07-20;;Nível 1 de Governança Corporativa;2007-07-20;
67.620.377/0001-14;2012-01-01;6;21961;MINERVA S/A;Debêntures;;;;;Balcão Organizado;CETIP;CETIP;2010-07-07;;;2010-07-07;
67.620.377/0001-14;2012-01-01;6;21961;MINERVA S/A;Debêntures Conversíveis;;;;;Balcão Organizado;CETIP;CETIP;2011-06-15;;;2011-06-15;
71.208.516/0001-74;2012-01-01;4;21319;CIA TELECOMUNICAÇÕES DO BRASIL CENTRAL;Debêntures;;;;;Bolsa;BM&FBOVESPA;BM&FBOVESPA S.A. - Bolsa de Valores, Mercadorias e Futuros;2007-07-30;;;2007-07-30;
71.208.516/0001-74;2012-01-01;4;21319;CIA TELECOMUNICAÇÕES DO BRASIL CENTRAL;Debêntures;;;;;Balcão Organizado;CETIP;CETIP;2007-07-30;;;2007-07-30;
73.178.600/0001-18;2012-01-01;2;17485;CYRELA BRAZIL REALTY SA EMPRS E PARTS;Ações Ordinárias;;;;;Bolsa;BM&FBOVESPA;BM&FBOVESPA S.A. - Bolsa de Valores, Mercadorias e Futuros;2005-09-21;;Nível 1 de Governança Corporativa;2005-09-21;
73.178.600/0001-18;2012-01-01;2;17485;CYRELA BRAZIL REALTY SA EMPRS E PARTS;Debêntures;;;;;Balcão Organizado;CETIP;CETIP;2007-04-02;;;2007-04-02;
73.903.718/0001-61;2012-01-01;3;20798;SNB PARTICIPACOES SA;Debêntures;;;;;Balcão Não-Organizado;;;;;;1998-04-07;
74.409.467/0001-26;2012-01-01;5;23207;FENICIAPAR S/A;Debêntures;;;;;Balcão Organizado;CETIP;CETIP;1995-09-15;;;1995-09-15;
76.483.817/0001-20;2012-01-01;3;18519;COMPANHIA PARANAENSE DE ENERGIA;Ações Ordinárias;;;;;Bolsa;BM&FBOVESPA;BM&FBOVESPA S.A. - Bolsa de Valores, Mercadorias e Futuros;2008-05-07;;Bovespa Mais;1994-04-12;
76.483.817/0001-20;2012-01-01;3;18519;COMPANHIA PARANAENSE DE ENERGIA;Debêntures;;;;;Balcão Organizado;CETIP;CETIP;2006-10-06;2011-09-01;;2006-09-01;2011-09-01
76.500.180/0001-32;2012-01-01;3;20072;COMPANHIA PROVIDENCIA IND E COMERCIO;Ações Ordinárias;;;;;Bolsa;BM&FBOVESPA;BM&FBOVESPA S.A. - Bolsa de Valores, Mercadorias e Futuros;2007-07-25;;Nível 1 de Governança Corporativa;2007-07-25;
76.535.764/0001-43;2012-01-01;4;17067;OI S/A;Ações Ordinárias;;;;;Bolsa;BM&FBOVESPA;BM&FBOVESPA S.A. - Bolsa de Valores, Mercadorias e Futuros;1992-07-14;;Nível 2 de Governança Corporativa;1992-07-14;
76.535.764/0001-43;2012-01-01;4;17067;OI S/A;Debêntures;;;;;Balcão Organizado;CETIP;CETIP;2006-07-06;;;2006-07-06;
76.535.764/0001-43;2012-01-01;4;17067;OI S/A;Certificados de Recebíveis Imobiliários;;;;;Balcão Organizado;CETIP;CETIP;2010-08-10;;;2010-08-10;
78.588.415/0001-15;2012-01-01;2;17614;CIA CACIQUE CAFE SOLUVEL;Ações Ordinárias;;;;;Bolsa;BM&FBOVESPA;BM&FBOVESPA S.A. - Bolsa de Valores, Mercadorias e Futuros;1977-07-20;;Nível 2 de Governança Corporativa;1977-07-20;
78.876.950/0001-71;2012-01-01;2;18126;CIA HERING;Ações Ordinárias;;;;;Bolsa;BM&FBOVESPA;BM&FBOVESPA S.A. - Bolsa de Valores, Mercadorias e Futuros;2007-05-16;;Nível 1 de Governança Corporativa;1995-01-26;
80.227.184/0001-66;2012-01-01;2;18240;METALGRAFICA IGUACU SA;Ações Ordinárias;;;;;Bolsa;BM&FBOVESPA;BM&FBOVESPA S.A. - Bolsa de Valores, Mercadorias e Futuros;1968-09-02;;Nível 2 de Governança Corporativa;1968-09-02;
81.243.735/0001-48;2012-01-01;2;17401;POSITIVO INFORMATICA SA;Ações Ordinárias;;;;;Bolsa;BM&FBOVESPA;BM&FBOVESPA S.A. - Bolsa de Valores, Mercadorias e Futuros;2006-12-11;;Nível 1 de Governança Corporativa;2006-12-11;
82.373.077/0001-71;2012-01-01;2;19754;BEMATECH IND COM EQUIP ELETRONICOS SA;Ações Ordinárias;;;;;Bolsa;BM&FBOVESPA;BM&FBOVESPA S.A. - Bolsa de Valores, Mercadorias e Futuros;2010-04-19;;Nível 1 de Governança Corporativa;2010-04-17;
82.508.433/0001-17;2012-01-01;4;22055;CIA CAT. DE ÁGUAS E SANEAMENTO - CASAN;Ações Ordinárias;;;;;Bolsa;BM&FBOVESPA;BM&FBOVESPA S.A. - Bolsa de Valores, Mercadorias e Futuros;1998-02-06;;Nível 2 de Governança Corporativa;1998-02-06;
82.636.986/0001-55;2012-01-01;3;22603;TEKA TECELAGEM KUEHNRICH SA em "Recuperação Judicial";Ações Ordinárias;;;;;Bolsa;BM&FBOVESPA;BM&FBOVESPA S.A. - Bolsa de Valores, Mercadorias e Futuros;1988-04-21;;Nível 2 de Governança Corporativa;1988-04-21;
82.640.558/0001-04;2012-01-01;5;21651;KARSTEN SA;Ações Ordinárias;;;;;Bolsa;BM&FBOVESPA;BM&FBOVESPA S.A. - Bolsa de Valores, Mercadorias e Futuros;2008-01-01;;Nível 2 de Governança Corporativa;2008-01-01;
82.981.671/0001-45;2012-01-01;3;17895;FAB TECIDOS CARLOS RENAUX SA - EM RECUPERAÇÃO JUDICIAL;Ações Ordinárias;;;;;Bolsa;BM&FBOVESPA;BM&FBOVESPA S.A. - Bolsa de Valores, Mercadorias e Futuros;1969-11-13;;Nível 2 de Governança Corporativa;1969-11-13;
82.981.812/0001-20;2012-01-01;2;18026;BUETTNER SA IND E COMERCIO;Ações Ordinárias;;;;;Bolsa;BM&FBOVESPA;BM&FBOVESPA S.A. - Bolsa de Valores, Mercadorias e Futuros;1980-01-01;;Nível 2 de Governança Corporativa;1980-01-01;
82.981.929/0001-03;2012-01-01;1;13774;CIA INDL SCHLOSSER SA;Ações Ordinárias;;;;;Bolsa;BM&FBOVESPA;BM&FBOVESPA S.A. - Bolsa de Valores, Mercadorias e Futuros;1985-06-28;;Nível 2 de Governança Corporativa;1985-06-28;
83.475.913/0001-91;2012-01-01;3;21659;PORTOBELLO S/A;Ações Ordinárias;;;;;Bolsa;BM&FBOVESPA;BM&FBOVESPA S.A. - Bolsa de Valores, Mercadorias e Futuros;2008-04-30;;Nível 1 de Governança Corporativa;2008-04-30;
84.208.123/0001-02;2012-01-01;2;19086;CIA DOCAS DE IMBITUBA;Ações Ordinárias;;;;;Bolsa;BM&FBOVESPA;BM&FBOVESPA S.A. - Bolsa de Valores, Mercadorias e Futuros;1977-07-20;;Nível 2 de Governança Corporativa;1977-07-20;
84.429.752/0001-62;2012-01-01;2;18445;MARISOL SA;Ações Ordinárias;;;;;Bolsa;BM&FBOVESPA;BM&FBOVESPA S.A. - Bolsa de Valores, Mercadorias e Futuros;1980-03-25;;Nível 2 de Governança Corporativa;1976-05-21;
84.683.408/0001-03;2012-01-01;2;16703;DOHLER S.A.;Ações Ordinárias;;;;;Bolsa;BM&FBOVESPA;BM&FBOVESPA S.A. - Bolsa de Valores, Mercadorias e Futuros;1973-12-26;;Nível 2 de Governança Corporativa;1973-12-26;
84.693.183/0001-68;2012-01-01;1;14830;SCHULZ SA;Ações Ordinárias;;;;;Bolsa;BM&FBOVESPA;BM&FBOVESPA S.A. - Bolsa de Valores, Mercadorias e Futuros;1994-12-19;;Nível 2 de Governança Corporativa;1994-12-19;
85.041.333/0001-11;2012-01-01;3;19757;TERMINAIS PORT. DA PONTA DO FÉLIX S/A;Ações Ordinárias;;;;;Bolsa;BM&FBOVESPA;BM&FBOVESPA S.A. - Bolsa de Valores, Mercadorias e Futuros;1996-02-27;;Nível 2 de Governança Corporativa;1996-02-27;
86.375.425/0001-09;2012-01-01;3;20335;METISA METALÚRGICA TIMBOENSE SA;Ações Ordinárias;;;;;Bolsa;BM&FBOVESPA;BM&FBOVESPA S.A. - Bolsa de Valores, Mercadorias e Futuros;1971-05-18;;Nível 2 de Governança Corporativa;1971-05-18;
87.762.563/0001-03;2012-01-01;2;17235;COMPANHIIA HABITASUL DE PARTICIPAÇÕES;Ações Ordinárias;;;;;Bolsa;BM&FBOVESPA;BM&FBOVESPA S.A. - Bolsa de Valores, Mercadorias e Futuros;1982-04-19;;Nível 2 de Governança Corporativa;1982-04-19;
88.610.126/0001-29;2012-01-01;3;18447;FRAS-LE SA;Ações Ordinárias;;;;;Bolsa;BM&FBOVESPA;BM&FBOVESPA S.A. - Bolsa de Valores, Mercadorias e Futuros;2004-11-11;;Bovespa Mais;1977-07-20;
88.610.191/0001-54;2012-01-01;2;17625;MUNDIAL S.A - PRODUTOS DE CONSUMO;Ações Ordinárias;;;;;Bolsa;BM&FBOVESPA;BM&FBOVESPA S.A. - Bolsa de Valores, Mercadorias e Futuros;1979-12-12;;Nível 2 de Governança Corporativa;1979-12-12;
88.611.835/0001-29;2012-01-01;2;17374;MARCOPOLO SA;Ações Ordinárias;;;;;Bolsa;BM&FBOVESPA;BM&FBOVESPA S.A. - Bolsa de Valores, Mercadorias e Futuros;1992-09-03;;Bovespa Mais N2;1978-04-24;
89.086.144/0001-16;2012-01-01;3;21028;RANDON S.A. IMPLEMENTOS E PARTICIPAÇÕES;Ações Ordinárias;;;;;Bolsa;BM&FBOVESPA;BM&FBOVESPA S.A. - Bolsa de Valores, Mercadorias e Futuros;2001-06-21;;Bovespa Mais;1993-02-05;
89.096.457/0001-55;2012-01-01;2;16899;SLC AGRICOLA SA;Ações Ordinárias;;;;;Bolsa;BM&FBOVESPA;BM&FBOVESPA S.A. - Bolsa de Valores, Mercadorias e Futuros;2007-06-12;;Nível 1 de Governança Corporativa;2007-06-12;
89.637.490/0001-45;2012-01-01;5;21863;KLABIN S.A.;Ações Ordinárias;;;;;Bolsa;BM&FBOVESPA;BM&FBOVESPA S.A. - Bolsa de Valores, Mercadorias e Futuros;2002-12-10;;Bovespa Mais;1997-08-06;
89.850.341/0001-60;2012-01-01;2;16771;GRENDENE SA;Ações Ordinárias;;;;;Bolsa;BM&FBOVESPA;BM&FBOVESPA S.A. - Bolsa de Valores, Mercadorias e Futuros;2004-10-29;;Nível 1 de Governança Corporativa;2004-10-29;
90.076.886/0001-40;2012-01-01;2;18789;MINUPAR PARTICIPACOES SA;Ações Ordinárias;;;;;Bolsa;BM&FBOVESPA;BM&FBOVESPA S.A. - Bolsa de Valores, Mercadorias e Futuros;1990-12-21;;Nível 2 de Governança Corporativa;1990-12-21;
90.400.888/0001-42;2012-01-01;2;19017;BANCO SANTANDER (BRASIL) S.A.;Ações Ordinárias;;;;;Bolsa;BM&FBOVESPA;BM&FBOVESPA S.A. - Bolsa de Valores, Mercadorias e Futuros;2009-10-07;;Bovespa Mais N2;2007-03-02;
90.441.460/0001-48;2012-01-01;2;17894;UNICASA INDÚSTRIA DE MÓVEIS S.A.;Ações Ordinárias;;;;;Bolsa;BM&FBOVESPA;BM&FBOVESPA S.A. - Bolsa de Valores, Mercadorias e Futuros;2012-04-27;;Nível 1 de Governança Corporativa;2012-04-27;
90.724.345/0001-80;2012-01-01;2;16629;IND MAQS AGRICOLAS FUCHS SA;Ações Ordinárias;;;;;Balcão Não-Organizado;;;;;;1972-04-14;
91.333.666/0001-17;2012-01-01;3;23215;RECRUSUL SA;Ações Ordinárias;;;;;Bolsa;BM&FBOVESPA;BM&FBOVESPA S.A. - Bolsa de Valores, Mercadorias e Futuros;1985-12-20;;Nível 2 de Governança Corporativa;1985-12-20;
91.820.068/0001-72;2012-01-01;2;18550;PETROPAR SA;Ações Ordinárias;;;;;Bolsa;BM&FBOVESPA;BM&FBOVESPA S.A. - Bolsa de Valores, Mercadorias e Futuros;1988-11-22;;Nível 2 de Governança Corporativa;1988-11-22;
91.983.056/0001-69;2012-01-01;2;18539;KEPLER WEBER SA;Ações Ordinárias;;;;;Bolsa;BM&FBOVESPA;BM&FBOVESPA S.A. - Bolsa de Valores, Mercadorias e Futuros;1980-12-15;;Nível 2 de Governança Corporativa;1980-12-15;
92.690.783/0001-09;2012-01-01;2;18366;METALURGICA GERDAU SA;Ações Ordinárias;;;;;Bolsa;BM&FBOVESPA;BM&FBOVESPA S.A. - Bolsa de Valores, Mercadorias e Futuros;2001-06-25;;Bovespa Mais;1968-05-17;
92.702.067/0001-96;2012-01-01;4;18299;BANCO DO ESTADO DO RIO GRANDE DO SUL SA;Ações Ordinárias;;;;;Bolsa;BM&FBOVESPA;BM&FBOVESPA S.A. - Bolsa de Valores, Mercadorias e Futuros;2007-07-31;;Bovespa Mais;1977-07-20;
92.749.225/0001-63;2012-01-01;3;19473;HERCULES S/A - FABRICA DE TALHERES;Ações Ordinárias;;;;;Bolsa;BM&FBOVESPA;BM&FBOVESPA S.A. - Bolsa de Valores, Mercadorias e Futuros;1968-11-01;;Nível 2 de Governança Corporativa;1968-11-01;
92.754.738/0001-62;2012-01-01;2;17617;LOJAS RENNER SA;Ações Ordinárias;;;;;Bolsa;BM&FBOVESPA;BM&FBOVESPA S.A. - Bolsa de Valores, Mercadorias e Futuros;2005-07-01;;Nível 1 de Governança Corporativa;1988-04-07;
92.754.738/0001-62;2012-01-01;2;17617;LOJAS RENNER SA;Debêntures;;;;;Bolsa;BM&FBOVESPA;BM&FBOVESPA S.A. - Bolsa de Valores, Mercadorias e Futuros;2011-08-01;;;2011-08-01;
92.754.738/0001-62;2012-01-01;2;17617;LOJAS RENNER SA;Debêntures;;;;;Balcão Organizado;CETIP;CETIP;2011-08-01;;;2011-08-01;
92.781.335/0001-02;2012-01-01;3;19207;FORJAS TAURUS SA;Ações Ordinárias;;;;;Bolsa;BM&FBOVESPA;BM&FBOVESPA S.A. - Bolsa de Valores, Mercadorias e Futuros;1982-03-02;;Nível 2 de Governança Corporativa;1982-03-02;
92.791.243/0001-03;2012-01-01;2;18503;CELULOSE IRANI SA;Ações Ordinárias;;;;;Bolsa;BM&FBOVESPA;BM&FBOVESPA S.A. - Bolsa de Valores, Mercadorias e Futuros;1977-07-20;;Nível 2 de Governança Corporativa;1977-07-20;
92.791.243/0001-03;2012-01-01;2;18503;CELULOSE IRANI SA;Debêntures;;;;;Balcão Organizado;CETIP;CETIP;2010-04-12;;;2010-03-19;
92.825.900/0001-96;2012-01-01;1;15942;DHB IND E COMERCIO SA;Ações Ordinárias;;;;;Bolsa;BM&FBOVESPA;BM&FBOVESPA S.A. - Bolsa de Valores, Mercadorias e Futuros;1978-03-21;;Nível 2 de Governança Corporativa;1978-03-21;
92.825.900/0001-96;2012-01-01;1;15942;DHB IND E COMERCIO SA;Debêntures;;;;;Bolsa;BM&FBOVESPA;BM&FBOVESPA S.A. - Bolsa de Valores, Mercadorias e Futuros;1978-03-21;;;1978-03-21;
93.828.986/0001-73;2012-01-01;4;19378;CEMEPE INVESTIMENTOS SA;Ações Ordinárias;;;;;Bolsa;BM&FBOVESPA;BM&FBOVESPA S.A. - Bolsa de Valores, Mercadorias e Futuros;1991-06-28;;Bovespa Mais;1991-06-28;
94.789.468/0001-50;2012-01-01;4;21805;RASIP AGRO PASTORIL SA;Ações Ordinárias;;;;;Bolsa;BM&FBOVESPA;BM&FBOVESPA S.A. - Bolsa de Valores, Mercadorias e Futuros;1999-05-27;;Nível 2 de Governança Corporativa;1999-05-27;
